from_at,to_at,meter,before,after,entering_metered,exiting_metered,continuing_added,continuing_removed
2025-08-13T20:19:21.211Z,2025-08-14T00:00:00.000Z,web_search,3,3,0,0,0,0
2025-08-13T20:19:21.211Z,2025-08-14T00:00:00.000Z,input_cache_write,54,54,0,0,0,0
2025-08-13T20:19:21.211Z,2025-08-14T00:00:00.000Z,input_cache_write_1h,0,0,0,0,0,0
2025-08-14T00:00:00.000Z,2025-08-15T00:00:00.000Z,web_search,3,3,0,0,0,0
2025-08-14T00:00:00.000Z,2025-08-15T00:00:00.000Z,input_cache_write,54,54,0,0,0,0
2025-08-14T00:00:00.000Z,2025-08-15T00:00:00.000Z,input_cache_write_1h,0,0,0,0,0,0
2025-08-15T00:00:00.000Z,2025-08-16T00:00:00.000Z,web_search,3,3,0,0,0,0
2025-08-15T00:00:00.000Z,2025-08-16T00:00:00.000Z,input_cache_write,54,54,0,0,0,0
2025-08-15T00:00:00.000Z,2025-08-16T00:00:00.000Z,input_cache_write_1h,0,0,0,0,0,0
2025-08-16T00:00:00.000Z,2025-08-17T00:00:00.000Z,web_search,3,3,0,0,0,0
2025-08-16T00:00:00.000Z,2025-08-17T00:00:00.000Z,input_cache_write,54,54,0,0,0,0
2025-08-16T00:00:00.000Z,2025-08-17T00:00:00.000Z,input_cache_write_1h,0,0,0,0,0,0
2025-08-17T00:00:00.000Z,2025-08-18T00:00:00.000Z,web_search,3,3,0,0,0,0
2025-08-17T00:00:00.000Z,2025-08-18T00:00:00.000Z,input_cache_write,54,54,0,0,0,0
2025-08-17T00:00:00.000Z,2025-08-18T00:00:00.000Z,input_cache_write_1h,0,0,0,0,0,0
2025-08-18T00:00:00.000Z,2025-08-19T00:00:00.000Z,web_search,3,3,0,0,0,0
2025-08-18T00:00:00.000Z,2025-08-19T00:00:00.000Z,input_cache_write,54,53,1,2,0,0
2025-08-18T00:00:00.000Z,2025-08-19T00:00:00.000Z,input_cache_write_1h,0,0,0,0,0,0
2025-08-19T00:00:00.000Z,2025-08-20T00:00:00.000Z,web_search,3,3,0,0,0,0
2025-08-19T00:00:00.000Z,2025-08-20T00:00:00.000Z,input_cache_write,53,53,0,0,0,0
2025-08-19T00:00:00.000Z,2025-08-20T00:00:00.000Z,input_cache_write_1h,0,0,0,0,0,0
2025-08-20T00:00:00.000Z,2025-08-21T00:00:00.000Z,web_search,3,3,0,0,0,0
2025-08-20T00:00:00.000Z,2025-08-21T00:00:00.000Z,input_cache_write,53,53,0,0,0,0
2025-08-20T00:00:00.000Z,2025-08-21T00:00:00.000Z,input_cache_write_1h,0,0,0,0,0,0
2025-08-21T00:00:00.000Z,2025-08-22T00:00:00.000Z,web_search,3,3,0,0,0,0
2025-08-21T00:00:00.000Z,2025-08-22T00:00:00.000Z,input_cache_write,53,53,0,0,0,0
2025-08-21T00:00:00.000Z,2025-08-22T00:00:00.000Z,input_cache_write_1h,0,0,0,0,0,0
2025-08-22T00:00:00.000Z,2025-08-23T00:00:00.000Z,web_search,3,3,0,0,0,0
2025-08-22T00:00:00.000Z,2025-08-23T00:00:00.000Z,input_cache_write,53,53,0,0,0,0
2025-08-22T00:00:00.000Z,2025-08-23T00:00:00.000Z,input_cache_write_1h,0,0,0,0,0,0
2025-08-23T00:00:00.000Z,2025-08-24T00:00:00.000Z,web_search,3,3,0,0,0,0
2025-08-23T00:00:00.000Z,2025-08-24T00:00:00.000Z,input_cache_write,53,53,0,0,0,0
2025-08-23T00:00:00.000Z,2025-08-24T00:00:00.000Z,input_cache_write_1h,0,0,0,0,0,0
2025-08-24T00:00:00.000Z,2025-08-25T00:00:00.000Z,web_search,3,3,0,0,0,0
2025-08-24T00:00:00.000Z,2025-08-25T00:00:00.000Z,input_cache_write,53,53,0,0,0,0
2025-08-24T00:00:00.000Z,2025-08-25T00:00:00.000Z,input_cache_write_1h,0,0,0,0,0,0
2025-08-25T00:00:00.000Z,2025-08-26T00:00:00.000Z,web_search,3,3,0,0,0,0
2025-08-25T00:00:00.000Z,2025-08-26T00:00:00.000Z,input_cache_write,53,53,0,0,0,0
2025-08-25T00:00:00.000Z,2025-08-26T00:00:00.000Z,input_cache_write_1h,0,0,0,0,0,0
2025-08-26T00:00:00.000Z,2025-08-27T00:00:00.000Z,web_search,3,3,0,0,0,0
2025-08-26T00:00:00.000Z,2025-08-27T00:00:00.000Z,input_cache_write,53,53,0,0,0,0
2025-08-26T00:00:00.000Z,2025-08-27T00:00:00.000Z,input_cache_write_1h,0,0,0,0,0,0
2025-08-27T00:00:00.000Z,2025-08-28T00:00:00.000Z,web_search,3,3,0,0,0,0
2025-08-27T00:00:00.000Z,2025-08-28T00:00:00.000Z,input_cache_write,53,53,0,0,0,0
2025-08-27T00:00:00.000Z,2025-08-28T00:00:00.000Z,input_cache_write_1h,0,0,0,0,0,0
2025-08-28T00:00:00.000Z,2025-08-29T00:00:00.000Z,web_search,3,8,0,0,5,0
2025-08-28T00:00:00.000Z,2025-08-29T00:00:00.000Z,input_cache_write,53,53,0,0,0,0
2025-08-28T00:00:00.000Z,2025-08-29T00:00:00.000Z,input_cache_write_1h,0,0,0,0,0,0
2025-08-29T00:00:00.000Z,2025-08-30T00:00:00.000Z,web_search,8,8,0,0,0,0
2025-08-29T00:00:00.000Z,2025-08-30T00:00:00.000Z,input_cache_write,53,53,0,0,0,0
2025-08-29T00:00:00.000Z,2025-08-30T00:00:00.000Z,input_cache_write_1h,0,0,0,0,0,0
2025-08-30T00:00:00.000Z,2025-08-31T00:00:00.000Z,web_search,8,8,0,0,0,0
2025-08-30T00:00:00.000Z,2025-08-31T00:00:00.000Z,input_cache_write,53,53,0,0,0,0
2025-08-30T00:00:00.000Z,2025-08-31T00:00:00.000Z,input_cache_write_1h,0,0,0,0,0,0
2025-08-31T00:00:00.000Z,2025-09-01T00:00:00.000Z,web_search,8,8,0,0,0,0
2025-08-31T00:00:00.000Z,2025-09-01T00:00:00.000Z,input_cache_write,53,53,0,0,0,0
2025-08-31T00:00:00.000Z,2025-09-01T00:00:00.000Z,input_cache_write_1h,0,0,0,0,0,0
2025-09-01T00:00:00.000Z,2025-09-02T00:00:00.000Z,web_search,8,8,0,0,0,0
2025-09-01T00:00:00.000Z,2025-09-02T00:00:00.000Z,input_cache_write,53,53,0,0,0,0
2025-09-01T00:00:00.000Z,2025-09-02T00:00:00.000Z,input_cache_write_1h,0,0,0,0,0,0
2025-09-02T00:00:00.000Z,2025-09-03T00:00:00.000Z,web_search,8,8,0,0,0,0
2025-09-02T00:00:00.000Z,2025-09-03T00:00:00.000Z,input_cache_write,53,53,0,0,0,0
2025-09-02T00:00:00.000Z,2025-09-03T00:00:00.000Z,input_cache_write_1h,0,0,0,0,0,0
2025-09-03T00:00:00.000Z,2025-09-04T00:00:00.000Z,web_search,8,8,0,0,0,0
2025-09-03T00:00:00.000Z,2025-09-04T00:00:00.000Z,input_cache_write,53,53,0,0,0,0
2025-09-03T00:00:00.000Z,2025-09-04T00:00:00.000Z,input_cache_write_1h,0,0,0,0,0,0
2025-09-04T00:00:00.000Z,2025-09-05T00:00:00.000Z,web_search,8,9,0,0,1,0
2025-09-04T00:00:00.000Z,2025-09-05T00:00:00.000Z,input_cache_write,53,53,0,0,0,0
2025-09-04T00:00:00.000Z,2025-09-05T00:00:00.000Z,input_cache_write_1h,0,0,0,0,0,0
2025-09-05T00:00:00.000Z,2025-09-06T00:00:00.000Z,web_search,9,9,0,0,0,0
2025-09-05T00:00:00.000Z,2025-09-06T00:00:00.000Z,input_cache_write,53,53,0,0,0,0
2025-09-05T00:00:00.000Z,2025-09-06T00:00:00.000Z,input_cache_write_1h,0,0,0,0,0,0
2025-09-06T00:00:00.000Z,2025-09-07T00:00:00.000Z,web_search,9,9,0,0,0,0
2025-09-06T00:00:00.000Z,2025-09-07T00:00:00.000Z,input_cache_write,53,53,0,0,0,0
2025-09-06T00:00:00.000Z,2025-09-07T00:00:00.000Z,input_cache_write_1h,0,0,0,0,0,0
2025-09-07T00:00:00.000Z,2025-09-08T00:00:00.000Z,web_search,9,9,0,0,0,0
2025-09-07T00:00:00.000Z,2025-09-08T00:00:00.000Z,input_cache_write,53,53,0,0,0,0
2025-09-07T00:00:00.000Z,2025-09-08T00:00:00.000Z,input_cache_write_1h,0,0,0,0,0,0
2025-09-08T00:00:00.000Z,2025-09-09T00:00:00.000Z,web_search,9,9,0,0,0,0
2025-09-08T00:00:00.000Z,2025-09-09T00:00:00.000Z,input_cache_write,53,53,0,0,0,0
2025-09-08T00:00:00.000Z,2025-09-09T00:00:00.000Z,input_cache_write_1h,0,0,0,0,0,0
2025-09-09T00:00:00.000Z,2025-09-10T00:00:00.000Z,web_search,9,9,0,0,0,0
2025-09-09T00:00:00.000Z,2025-09-10T00:00:00.000Z,input_cache_write,53,53,0,0,0,0
2025-09-09T00:00:00.000Z,2025-09-10T00:00:00.000Z,input_cache_write_1h,0,0,0,0,0,0
2025-09-10T00:00:00.000Z,2025-09-11T00:00:00.000Z,web_search,9,9,0,0,0,0
2025-09-10T00:00:00.000Z,2025-09-11T00:00:00.000Z,input_cache_write,53,53,0,0,0,0
2025-09-10T00:00:00.000Z,2025-09-11T00:00:00.000Z,input_cache_write_1h,0,0,0,0,0,0
2025-09-11T00:00:00.000Z,2025-09-12T00:00:00.000Z,web_search,9,9,0,0,0,0
2025-09-11T00:00:00.000Z,2025-09-12T00:00:00.000Z,input_cache_write,53,53,0,0,0,0
2025-09-11T00:00:00.000Z,2025-09-12T00:00:00.000Z,input_cache_write_1h,0,0,0,0,0,0
2025-09-12T00:00:00.000Z,2025-09-13T00:00:00.000Z,web_search,9,9,0,0,0,0
2025-09-12T00:00:00.000Z,2025-09-13T00:00:00.000Z,input_cache_write,53,53,0,0,0,0
2025-09-12T00:00:00.000Z,2025-09-13T00:00:00.000Z,input_cache_write_1h,0,0,0,0,0,0
2025-09-13T00:00:00.000Z,2025-09-14T00:00:00.000Z,web_search,9,9,0,0,0,0
2025-09-13T00:00:00.000Z,2025-09-14T00:00:00.000Z,input_cache_write,53,53,0,0,0,0
2025-09-13T00:00:00.000Z,2025-09-14T00:00:00.000Z,input_cache_write_1h,0,0,0,0,0,0
2025-09-14T00:00:00.000Z,2025-09-15T00:00:00.000Z,web_search,9,9,0,0,0,0
2025-09-14T00:00:00.000Z,2025-09-15T00:00:00.000Z,input_cache_write,53,53,0,0,0,0
2025-09-14T00:00:00.000Z,2025-09-15T00:00:00.000Z,input_cache_write_1h,0,0,0,0,0,0
2025-09-15T00:00:00.000Z,2025-09-16T00:00:00.000Z,web_search,9,9,0,0,0,0
2025-09-15T00:00:00.000Z,2025-09-16T00:00:00.000Z,input_cache_write,53,54,1,0,0,0
2025-09-15T00:00:00.000Z,2025-09-16T00:00:00.000Z,input_cache_write_1h,0,0,0,0,0,0
2025-09-16T00:00:00.000Z,2025-09-17T00:00:00.000Z,web_search,9,18,0,0,9,0
2025-09-16T00:00:00.000Z,2025-09-17T00:00:00.000Z,input_cache_write,54,54,0,0,0,0
2025-09-16T00:00:00.000Z,2025-09-17T00:00:00.000Z,input_cache_write_1h,0,0,0,0,0,0
2025-09-17T00:00:00.000Z,2025-09-18T00:00:00.000Z,web_search,18,19,1,0,0,0
2025-09-17T00:00:00.000Z,2025-09-18T00:00:00.000Z,input_cache_write,54,54,0,0,0,0
2025-09-17T00:00:00.000Z,2025-09-18T00:00:00.000Z,input_cache_write_1h,0,0,0,0,0,0
2025-09-18T00:00:00.000Z,2025-09-19T00:00:00.000Z,web_search,19,19,0,0,0,0
2025-09-18T00:00:00.000Z,2025-09-19T00:00:00.000Z,input_cache_write,54,54,0,0,0,0
2025-09-18T00:00:00.000Z,2025-09-19T00:00:00.000Z,input_cache_write_1h,0,0,0,0,0,0
2025-09-19T00:00:00.000Z,2025-09-20T00:00:00.000Z,web_search,19,19,0,0,0,0
2025-09-19T00:00:00.000Z,2025-09-20T00:00:00.000Z,input_cache_write,54,54,0,0,0,0
2025-09-19T00:00:00.000Z,2025-09-20T00:00:00.000Z,input_cache_write_1h,0,0,0,0,0,0
2025-09-20T00:00:00.000Z,2025-09-21T00:00:00.000Z,web_search,19,19,0,0,0,0
2025-09-20T00:00:00.000Z,2025-09-21T00:00:00.000Z,input_cache_write,54,54,0,0,0,0
2025-09-20T00:00:00.000Z,2025-09-21T00:00:00.000Z,input_cache_write_1h,0,0,0,0,0,0
2025-09-21T00:00:00.000Z,2025-09-22T00:00:00.000Z,web_search,19,19,0,0,0,0
2025-09-21T00:00:00.000Z,2025-09-22T00:00:00.000Z,input_cache_write,54,54,0,0,0,0
2025-09-21T00:00:00.000Z,2025-09-22T00:00:00.000Z,input_cache_write_1h,0,0,0,0,0,0
2025-09-22T00:00:00.000Z,2025-09-23T00:00:00.000Z,web_search,19,19,0,0,0,0
2025-09-22T00:00:00.000Z,2025-09-23T00:00:00.000Z,input_cache_write,54,54,0,0,0,0
2025-09-22T00:00:00.000Z,2025-09-23T00:00:00.000Z,input_cache_write_1h,0,0,0,0,0,0
2025-09-23T00:00:00.000Z,2025-09-24T00:00:00.000Z,web_search,19,19,0,0,0,0
2025-09-23T00:00:00.000Z,2025-09-24T00:00:00.000Z,input_cache_write,54,54,0,0,0,0
2025-09-23T00:00:00.000Z,2025-09-24T00:00:00.000Z,input_cache_write_1h,0,0,0,0,0,0
2025-09-24T00:00:00.000Z,2025-09-25T00:00:00.000Z,web_search,19,18,0,1,0,0
2025-09-24T00:00:00.000Z,2025-09-25T00:00:00.000Z,input_cache_write,54,54,0,0,0,0
2025-09-24T00:00:00.000Z,2025-09-25T00:00:00.000Z,input_cache_write_1h,0,0,0,0,0,0
2025-09-25T00:00:00.000Z,2025-09-26T00:00:00.000Z,web_search,18,18,0,0,0,0
2025-09-25T00:00:00.000Z,2025-09-26T00:00:00.000Z,input_cache_write,54,53,2,3,0,0
2025-09-25T00:00:00.000Z,2025-09-26T00:00:00.000Z,input_cache_write_1h,0,0,0,0,0,0
2025-09-26T00:00:00.000Z,2025-09-27T00:00:00.000Z,web_search,18,18,0,0,0,0
2025-09-26T00:00:00.000Z,2025-09-27T00:00:00.000Z,input_cache_write,53,53,0,0,0,0
2025-09-26T00:00:00.000Z,2025-09-27T00:00:00.000Z,input_cache_write_1h,0,0,0,0,0,0
2025-09-27T00:00:00.000Z,2025-09-28T00:00:00.000Z,web_search,18,18,0,0,0,0
2025-09-27T00:00:00.000Z,2025-09-28T00:00:00.000Z,input_cache_write,53,52,0,1,0,0
2025-09-27T00:00:00.000Z,2025-09-28T00:00:00.000Z,input_cache_write_1h,0,0,0,0,0,0
2025-09-28T00:00:00.000Z,2025-09-29T00:00:00.000Z,web_search,18,18,0,0,0,0
2025-09-28T00:00:00.000Z,2025-09-29T00:00:00.000Z,input_cache_write,52,52,0,0,0,0
2025-09-28T00:00:00.000Z,2025-09-29T00:00:00.000Z,input_cache_write_1h,0,0,0,0,0,0
2025-09-29T00:00:00.000Z,2025-09-30T00:00:00.000Z,web_search,18,18,0,0,0,0
2025-09-29T00:00:00.000Z,2025-09-30T00:00:00.000Z,input_cache_write,52,55,3,0,0,0
2025-09-29T00:00:00.000Z,2025-09-30T00:00:00.000Z,input_cache_write_1h,0,0,0,0,0,0
2025-09-30T00:00:00.000Z,2025-10-01T00:00:00.000Z,web_search,18,18,0,0,0,0
2025-09-30T00:00:00.000Z,2025-10-01T00:00:00.000Z,input_cache_write,55,55,0,0,0,0
2025-09-30T00:00:00.000Z,2025-10-01T00:00:00.000Z,input_cache_write_1h,0,0,0,0,0,0
2025-10-01T00:00:00.000Z,2025-10-02T00:00:00.000Z,web_search,18,18,0,0,0,0
2025-10-01T00:00:00.000Z,2025-10-02T00:00:00.000Z,input_cache_write,55,55,0,0,0,0
2025-10-01T00:00:00.000Z,2025-10-02T00:00:00.000Z,input_cache_write_1h,0,0,0,0,0,0
2025-10-02T00:00:00.000Z,2025-10-03T00:00:00.000Z,web_search,18,18,0,0,0,0
2025-10-02T00:00:00.000Z,2025-10-03T00:00:00.000Z,input_cache_write,55,55,0,0,0,0
2025-10-02T00:00:00.000Z,2025-10-03T00:00:00.000Z,input_cache_write_1h,0,0,0,0,0,0
2025-10-03T00:00:00.000Z,2025-10-04T00:00:00.000Z,web_search,18,18,0,0,0,0
2025-10-03T00:00:00.000Z,2025-10-04T00:00:00.000Z,input_cache_write,55,55,0,0,0,0
2025-10-03T00:00:00.000Z,2025-10-04T00:00:00.000Z,input_cache_write_1h,0,0,0,0,0,0
2025-10-04T00:00:00.000Z,2025-10-05T00:00:00.000Z,web_search,18,18,0,0,0,0
2025-10-04T00:00:00.000Z,2025-10-05T00:00:00.000Z,input_cache_write,55,55,0,0,0,0
2025-10-04T00:00:00.000Z,2025-10-05T00:00:00.000Z,input_cache_write_1h,0,0,0,0,0,0
2025-10-05T00:00:00.000Z,2025-10-06T00:00:00.000Z,web_search,18,18,0,0,0,0
2025-10-05T00:00:00.000Z,2025-10-06T00:00:00.000Z,input_cache_write,55,55,0,0,0,0
2025-10-05T00:00:00.000Z,2025-10-06T00:00:00.000Z,input_cache_write_1h,0,0,0,0,0,0
2025-10-06T00:00:00.000Z,2025-10-07T00:00:00.000Z,web_search,18,18,0,0,0,0
2025-10-06T00:00:00.000Z,2025-10-07T00:00:00.000Z,input_cache_write,55,55,0,0,0,0
2025-10-06T00:00:00.000Z,2025-10-07T00:00:00.000Z,input_cache_write_1h,0,0,0,0,0,0
2025-10-07T00:00:00.000Z,2025-10-08T00:00:00.000Z,web_search,18,18,0,0,0,0
2025-10-07T00:00:00.000Z,2025-10-08T00:00:00.000Z,input_cache_write,55,55,0,0,0,0
2025-10-07T00:00:00.000Z,2025-10-08T00:00:00.000Z,input_cache_write_1h,0,0,0,0,0,0
2025-10-08T00:00:00.000Z,2025-10-09T00:00:00.000Z,web_search,18,18,0,0,0,0
2025-10-08T00:00:00.000Z,2025-10-09T00:00:00.000Z,input_cache_write,55,55,0,0,0,0
2025-10-08T00:00:00.000Z,2025-10-09T00:00:00.000Z,input_cache_write_1h,0,0,0,0,0,0
2025-10-09T00:00:00.000Z,2025-10-10T00:00:00.000Z,web_search,18,18,0,0,0,0
2025-10-09T00:00:00.000Z,2025-10-10T00:00:00.000Z,input_cache_write,55,55,0,0,0,0
2025-10-09T00:00:00.000Z,2025-10-10T00:00:00.000Z,input_cache_write_1h,0,0,0,0,0,0
2025-10-10T00:00:00.000Z,2025-10-11T00:00:00.000Z,web_search,18,18,0,0,0,0
2025-10-10T00:00:00.000Z,2025-10-11T00:00:00.000Z,input_cache_write,55,54,0,1,0,0
2025-10-10T00:00:00.000Z,2025-10-11T00:00:00.000Z,input_cache_write_1h,0,0,0,0,0,0
2025-10-11T00:00:00.000Z,2025-10-12T00:00:00.000Z,web_search,18,18,0,0,0,0
2025-10-11T00:00:00.000Z,2025-10-12T00:00:00.000Z,input_cache_write,54,54,0,0,0,0
2025-10-11T00:00:00.000Z,2025-10-12T00:00:00.000Z,input_cache_write_1h,0,0,0,0,0,0
2025-10-12T00:00:00.000Z,2025-10-13T00:00:00.000Z,web_search,18,18,0,0,0,0
2025-10-12T00:00:00.000Z,2025-10-13T00:00:00.000Z,input_cache_write,54,54,0,0,0,0
2025-10-12T00:00:00.000Z,2025-10-13T00:00:00.000Z,input_cache_write_1h,0,0,0,0,0,0
2025-10-13T00:00:00.000Z,2025-10-14T00:00:00.000Z,web_search,18,18,0,0,0,0
2025-10-13T00:00:00.000Z,2025-10-14T00:00:00.000Z,input_cache_write,54,54,0,0,0,0
2025-10-13T00:00:00.000Z,2025-10-14T00:00:00.000Z,input_cache_write_1h,0,0,0,0,0,0
2025-10-14T00:00:00.000Z,2025-10-15T00:00:00.000Z,web_search,18,20,2,0,0,0
2025-10-14T00:00:00.000Z,2025-10-15T00:00:00.000Z,input_cache_write,54,54,0,0,0,0
2025-10-14T00:00:00.000Z,2025-10-15T00:00:00.000Z,input_cache_write_1h,0,0,0,0,0,0
2025-10-15T00:00:00.000Z,2025-10-16T00:00:00.000Z,web_search,20,21,1,0,0,0
2025-10-15T00:00:00.000Z,2025-10-16T00:00:00.000Z,input_cache_write,54,57,3,0,0,0
2025-10-15T00:00:00.000Z,2025-10-16T00:00:00.000Z,input_cache_write_1h,0,0,0,0,0,0
2025-10-16T00:00:00.000Z,2025-10-17T00:00:00.000Z,web_search,21,22,1,0,0,0
2025-10-16T00:00:00.000Z,2025-10-17T00:00:00.000Z,input_cache_write,57,57,0,0,0,0
2025-10-16T00:00:00.000Z,2025-10-17T00:00:00.000Z,input_cache_write_1h,0,0,0,0,0,0
2025-10-17T00:00:00.000Z,2025-10-18T00:00:00.000Z,web_search,22,22,0,0,0,0
2025-10-17T00:00:00.000Z,2025-10-18T00:00:00.000Z,input_cache_write,57,57,0,0,0,0
2025-10-17T00:00:00.000Z,2025-10-18T00:00:00.000Z,input_cache_write_1h,0,0,0,0,0,0
2025-10-18T00:00:00.000Z,2025-10-19T00:00:00.000Z,web_search,22,22,0,0,0,0
2025-10-18T00:00:00.000Z,2025-10-19T00:00:00.000Z,input_cache_write,57,57,0,0,0,0
2025-10-18T00:00:00.000Z,2025-10-19T00:00:00.000Z,input_cache_write_1h,0,0,0,0,0,0
2025-10-19T00:00:00.000Z,2025-10-20T00:00:00.000Z,web_search,22,22,0,0,0,0
2025-10-19T00:00:00.000Z,2025-10-20T00:00:00.000Z,input_cache_write,57,57,0,0,0,0
2025-10-19T00:00:00.000Z,2025-10-20T00:00:00.000Z,input_cache_write_1h,0,0,0,0,0,0
2025-10-20T00:00:00.000Z,2025-10-21T00:00:00.000Z,web_search,22,22,0,0,0,0
2025-10-20T00:00:00.000Z,2025-10-21T00:00:00.000Z,input_cache_write,57,57,0,0,0,0
2025-10-20T00:00:00.000Z,2025-10-21T00:00:00.000Z,input_cache_write_1h,0,0,0,0,0,0
2025-10-21T00:00:00.000Z,2025-10-22T00:00:00.000Z,web_search,22,22,0,0,0,0
2025-10-21T00:00:00.000Z,2025-10-22T00:00:00.000Z,input_cache_write,57,57,0,0,0,0
2025-10-21T00:00:00.000Z,2025-10-22T00:00:00.000Z,input_cache_write_1h,0,0,0,0,0,0
2025-10-22T00:00:00.000Z,2025-10-23T00:00:00.000Z,web_search,22,22,0,0,0,0
2025-10-22T00:00:00.000Z,2025-10-23T00:00:00.000Z,input_cache_write,57,57,0,0,0,0
2025-10-22T00:00:00.000Z,2025-10-23T00:00:00.000Z,input_cache_write_1h,0,0,0,0,0,0
2025-10-23T00:00:00.000Z,2025-10-24T00:00:00.000Z,web_search,22,23,0,0,1,0
2025-10-23T00:00:00.000Z,2025-10-24T00:00:00.000Z,input_cache_write,57,57,0,0,0,0
2025-10-23T00:00:00.000Z,2025-10-24T00:00:00.000Z,input_cache_write_1h,0,0,0,0,0,0
2025-10-24T00:00:00.000Z,2025-10-25T00:00:00.000Z,web_search,23,24,0,0,1,0
2025-10-24T00:00:00.000Z,2025-10-25T00:00:00.000Z,input_cache_write,57,57,0,0,0,0
2025-10-24T00:00:00.000Z,2025-10-25T00:00:00.000Z,input_cache_write_1h,0,0,0,0,0,0
2025-10-25T00:00:00.000Z,2025-10-26T00:00:00.000Z,web_search,24,24,0,0,0,0
2025-10-25T00:00:00.000Z,2025-10-26T00:00:00.000Z,input_cache_write,57,57,0,0,0,0
2025-10-25T00:00:00.000Z,2025-10-26T00:00:00.000Z,input_cache_write_1h,0,0,0,0,0,0
2025-10-26T00:00:00.000Z,2025-10-27T00:00:00.000Z,web_search,24,24,0,0,0,0
2025-10-26T00:00:00.000Z,2025-10-27T00:00:00.000Z,input_cache_write,57,57,0,0,0,0
2025-10-26T00:00:00.000Z,2025-10-27T00:00:00.000Z,input_cache_write_1h,0,0,0,0,0,0
2025-10-27T00:00:00.000Z,2025-10-28T00:00:00.000Z,web_search,24,24,0,0,0,0
2025-10-27T00:00:00.000Z,2025-10-28T00:00:00.000Z,input_cache_write,57,57,0,0,0,0
2025-10-27T00:00:00.000Z,2025-10-28T00:00:00.000Z,input_cache_write_1h,0,0,0,0,0,0
2025-10-28T00:00:00.000Z,2025-10-29T00:00:00.000Z,web_search,24,24,0,0,0,0
2025-10-28T00:00:00.000Z,2025-10-29T00:00:00.000Z,input_cache_write,57,55,0,2,0,0
2025-10-28T00:00:00.000Z,2025-10-29T00:00:00.000Z,input_cache_write_1h,0,0,0,0,0,0
2025-10-29T00:00:00.000Z,2025-10-30T00:00:00.000Z,web_search,24,24,0,0,0,0
2025-10-29T00:00:00.000Z,2025-10-30T00:00:00.000Z,input_cache_write,55,55,0,0,0,0
2025-10-29T00:00:00.000Z,2025-10-30T00:00:00.000Z,input_cache_write_1h,0,0,0,0,0,0
2025-10-30T00:00:00.000Z,2025-10-31T00:00:00.000Z,web_search,24,24,0,0,0,0
2025-10-30T00:00:00.000Z,2025-10-31T00:00:00.000Z,input_cache_write,55,55,0,0,0,0
2025-10-30T00:00:00.000Z,2025-10-31T00:00:00.000Z,input_cache_write_1h,0,0,0,0,0,0
2025-10-31T00:00:00.000Z,2025-11-01T00:00:00.000Z,web_search,24,24,0,0,0,0
2025-10-31T00:00:00.000Z,2025-11-01T00:00:00.000Z,input_cache_write,55,55,0,0,0,0
2025-10-31T00:00:00.000Z,2025-11-01T00:00:00.000Z,input_cache_write_1h,0,0,0,0,0,0
2025-11-01T00:00:00.000Z,2025-11-02T00:00:00.000Z,web_search,24,24,0,0,0,0
2025-11-01T00:00:00.000Z,2025-11-02T00:00:00.000Z,input_cache_write,55,55,0,0,0,0
2025-11-01T00:00:00.000Z,2025-11-02T00:00:00.000Z,input_cache_write_1h,0,0,0,0,0,0
2025-11-02T00:00:00.000Z,2025-11-03T00:00:00.000Z,web_search,24,24,0,0,0,0
2025-11-02T00:00:00.000Z,2025-11-03T00:00:00.000Z,input_cache_write,55,55,0,0,0,0
2025-11-02T00:00:00.000Z,2025-11-03T00:00:00.000Z,input_cache_write_1h,0,0,0,0,0,0
2025-11-03T00:00:00.000Z,2025-11-04T00:00:00.000Z,web_search,24,24,0,0,0,0
2025-11-03T00:00:00.000Z,2025-11-04T00:00:00.000Z,input_cache_write,55,55,0,0,0,0
2025-11-03T00:00:00.000Z,2025-11-04T00:00:00.000Z,input_cache_write_1h,0,0,0,0,0,0
2025-11-04T00:00:00.000Z,2025-11-05T00:00:00.000Z,web_search,24,24,0,0,0,0
2025-11-04T00:00:00.000Z,2025-11-05T00:00:00.000Z,input_cache_write,55,55,0,0,0,0
2025-11-04T00:00:00.000Z,2025-11-05T00:00:00.000Z,input_cache_write_1h,0,0,0,0,0,0
2025-11-05T00:00:00.000Z,2025-11-06T00:00:00.000Z,web_search,24,24,0,0,0,0
2025-11-05T00:00:00.000Z,2025-11-06T00:00:00.000Z,input_cache_write,55,55,0,0,0,0
2025-11-05T00:00:00.000Z,2025-11-06T00:00:00.000Z,input_cache_write_1h,0,0,0,0,0,0
2025-11-06T00:00:00.000Z,2025-11-07T00:00:00.000Z,web_search,24,24,0,0,0,0
2025-11-06T00:00:00.000Z,2025-11-07T00:00:00.000Z,input_cache_write,55,55,0,0,0,0
2025-11-06T00:00:00.000Z,2025-11-07T00:00:00.000Z,input_cache_write_1h,0,0,0,0,0,0
2025-11-07T00:00:00.000Z,2025-11-08T00:00:00.000Z,web_search,24,24,0,0,0,0
2025-11-07T00:00:00.000Z,2025-11-08T00:00:00.000Z,input_cache_write,55,56,0,0,1,0
2025-11-07T00:00:00.000Z,2025-11-08T00:00:00.000Z,input_cache_write_1h,0,0,0,0,0,0
2025-11-08T00:00:00.000Z,2025-11-09T00:00:00.000Z,web_search,24,24,0,0,0,0
2025-11-08T00:00:00.000Z,2025-11-09T00:00:00.000Z,input_cache_write,56,56,0,0,0,0
2025-11-08T00:00:00.000Z,2025-11-09T00:00:00.000Z,input_cache_write_1h,0,0,0,0,0,0
2025-11-09T00:00:00.000Z,2025-11-10T00:00:00.000Z,web_search,24,24,0,0,0,0
2025-11-09T00:00:00.000Z,2025-11-10T00:00:00.000Z,input_cache_write,56,56,0,0,0,0
2025-11-09T00:00:00.000Z,2025-11-10T00:00:00.000Z,input_cache_write_1h,0,0,0,0,0,0
2025-11-10T00:00:00.000Z,2025-11-11T00:00:00.000Z,web_search,24,24,0,0,0,0
2025-11-10T00:00:00.000Z,2025-11-11T00:00:00.000Z,input_cache_write,56,54,0,2,0,0
2025-11-10T00:00:00.000Z,2025-11-11T00:00:00.000Z,input_cache_write_1h,0,0,0,0,0,0
2025-11-11T00:00:00.000Z,2025-11-12T00:00:00.000Z,web_search,24,24,0,0,0,0
2025-11-11T00:00:00.000Z,2025-11-12T00:00:00.000Z,input_cache_write,54,54,0,0,0,0
2025-11-11T00:00:00.000Z,2025-11-12T00:00:00.000Z,input_cache_write_1h,0,0,0,0,0,0
2025-11-12T00:00:00.000Z,2025-11-13T00:00:00.000Z,web_search,24,24,0,0,0,0
2025-11-12T00:00:00.000Z,2025-11-13T00:00:00.000Z,input_cache_write,54,54,0,0,0,0
2025-11-12T00:00:00.000Z,2025-11-13T00:00:00.000Z,input_cache_write_1h,0,0,0,0,0,0
2025-11-13T00:00:00.000Z,2025-11-14T00:00:00.000Z,web_search,24,26,2,0,0,0
2025-11-13T00:00:00.000Z,2025-11-14T00:00:00.000Z,input_cache_write,54,54,0,0,0,0
2025-11-13T00:00:00.000Z,2025-11-14T00:00:00.000Z,input_cache_write_1h,0,0,0,0,0,0
2025-11-14T00:00:00.000Z,2025-11-15T00:00:00.000Z,web_search,26,26,0,0,0,0
2025-11-14T00:00:00.000Z,2025-11-15T00:00:00.000Z,input_cache_write,54,54,0,0,0,0
2025-11-14T00:00:00.000Z,2025-11-15T00:00:00.000Z,input_cache_write_1h,0,0,0,0,0,0
2025-11-15T00:00:00.000Z,2025-11-16T00:00:00.000Z,web_search,26,26,0,0,0,0
2025-11-15T00:00:00.000Z,2025-11-16T00:00:00.000Z,input_cache_write,54,53,0,1,0,0
2025-11-15T00:00:00.000Z,2025-11-16T00:00:00.000Z,input_cache_write_1h,0,0,0,0,0,0
2025-11-16T00:00:00.000Z,2025-11-17T00:00:00.000Z,web_search,26,26,0,0,0,0
2025-11-16T00:00:00.000Z,2025-11-17T00:00:00.000Z,input_cache_write,53,53,0,0,0,0
2025-11-16T00:00:00.000Z,2025-11-17T00:00:00.000Z,input_cache_write_1h,0,0,0,0,0,0
2025-11-17T00:00:00.000Z,2025-11-18T00:00:00.000Z,web_search,26,26,0,0,0,0
2025-11-17T00:00:00.000Z,2025-11-18T00:00:00.000Z,input_cache_write,53,53,0,0,0,0
2025-11-17T00:00:00.000Z,2025-11-18T00:00:00.000Z,input_cache_write_1h,0,0,0,0,0,0
2025-11-18T00:00:00.000Z,2025-11-19T00:00:00.000Z,web_search,26,26,0,0,0,0
2025-11-18T00:00:00.000Z,2025-11-19T00:00:00.000Z,input_cache_write,53,54,2,1,0,0
2025-11-18T00:00:00.000Z,2025-11-19T00:00:00.000Z,input_cache_write_1h,0,0,0,0,0,0
2025-11-19T00:00:00.000Z,2025-11-20T00:00:00.000Z,web_search,26,26,0,0,0,0
2025-11-19T00:00:00.000Z,2025-11-20T00:00:00.000Z,input_cache_write,54,54,0,0,0,0
2025-11-19T00:00:00.000Z,2025-11-20T00:00:00.000Z,input_cache_write_1h,0,0,0,0,0,0
2025-11-20T00:00:00.000Z,2025-11-21T00:00:00.000Z,web_search,26,26,0,0,0,0
2025-11-20T00:00:00.000Z,2025-11-21T00:00:00.000Z,input_cache_write,54,54,0,0,0,0
2025-11-20T00:00:00.000Z,2025-11-21T00:00:00.000Z,input_cache_write_1h,0,0,0,0,0,0
2025-11-21T00:00:00.000Z,2025-11-22T00:00:00.000Z,web_search,26,26,0,0,0,0
2025-11-21T00:00:00.000Z,2025-11-22T00:00:00.000Z,input_cache_write,54,54,0,0,0,0
2025-11-21T00:00:00.000Z,2025-11-22T00:00:00.000Z,input_cache_write_1h,0,0,0,0,0,0
2025-11-22T00:00:00.000Z,2025-11-23T00:00:00.000Z,web_search,26,26,0,0,0,0
2025-11-22T00:00:00.000Z,2025-11-23T00:00:00.000Z,input_cache_write,54,54,0,0,0,0
2025-11-22T00:00:00.000Z,2025-11-23T00:00:00.000Z,input_cache_write_1h,0,0,0,0,0,0
2025-11-23T00:00:00.000Z,2025-11-24T00:00:00.000Z,web_search,26,26,0,0,0,0
2025-11-23T00:00:00.000Z,2025-11-24T00:00:00.000Z,input_cache_write,54,54,0,0,0,0
2025-11-23T00:00:00.000Z,2025-11-24T00:00:00.000Z,input_cache_write_1h,0,0,0,0,0,0
2025-11-24T00:00:00.000Z,2025-11-25T00:00:00.000Z,web_search,26,26,0,0,0,0
2025-11-24T00:00:00.000Z,2025-11-25T00:00:00.000Z,input_cache_write,54,54,0,0,0,0
2025-11-24T00:00:00.000Z,2025-11-25T00:00:00.000Z,input_cache_write_1h,0,0,0,0,0,0
2025-11-25T00:00:00.000Z,2025-11-26T00:00:00.000Z,web_search,26,29,3,0,0,0
2025-11-25T00:00:00.000Z,2025-11-26T00:00:00.000Z,input_cache_write,54,57,3,0,0,0
2025-11-25T00:00:00.000Z,2025-11-26T00:00:00.000Z,input_cache_write_1h,0,0,0,0,0,0
2025-11-26T00:00:00.000Z,2025-11-27T00:00:00.000Z,web_search,29,29,0,0,0,0
2025-11-26T00:00:00.000Z,2025-11-27T00:00:00.000Z,input_cache_write,57,57,0,0,0,0
2025-11-26T00:00:00.000Z,2025-11-27T00:00:00.000Z,input_cache_write_1h,0,0,0,0,0,0
2025-11-27T00:00:00.000Z,2025-11-28T00:00:00.000Z,web_search,29,29,0,0,0,0
2025-11-27T00:00:00.000Z,2025-11-28T00:00:00.000Z,input_cache_write,57,57,0,0,0,0
2025-11-27T00:00:00.000Z,2025-11-28T00:00:00.000Z,input_cache_write_1h,0,0,0,0,0,0
2025-11-28T00:00:00.000Z,2025-11-29T00:00:00.000Z,web_search,29,29,0,0,0,0
2025-11-28T00:00:00.000Z,2025-11-29T00:00:00.000Z,input_cache_write,57,57,0,0,0,0
2025-11-28T00:00:00.000Z,2025-11-29T00:00:00.000Z,input_cache_write_1h,0,0,0,0,0,0
2025-11-29T00:00:00.000Z,2025-11-30T00:00:00.000Z,web_search,29,29,0,0,0,0
2025-11-29T00:00:00.000Z,2025-11-30T00:00:00.000Z,input_cache_write,57,57,0,0,0,0
2025-11-29T00:00:00.000Z,2025-11-30T00:00:00.000Z,input_cache_write_1h,0,0,0,0,0,0
2025-11-30T00:00:00.000Z,2025-12-01T00:00:00.000Z,web_search,29,29,0,0,0,0
2025-11-30T00:00:00.000Z,2025-12-01T00:00:00.000Z,input_cache_write,57,57,0,0,0,0
2025-11-30T00:00:00.000Z,2025-12-01T00:00:00.000Z,input_cache_write_1h,0,0,0,0,0,0
2025-12-01T00:00:00.000Z,2025-12-02T00:00:00.000Z,web_search,29,29,0,0,0,0
2025-12-01T00:00:00.000Z,2025-12-02T00:00:00.000Z,input_cache_write,57,57,0,0,0,0
2025-12-01T00:00:00.000Z,2025-12-02T00:00:00.000Z,input_cache_write_1h,0,0,0,0,0,0
2025-12-02T00:00:00.000Z,2025-12-03T00:00:00.000Z,web_search,29,29,0,0,0,0
2025-12-02T00:00:00.000Z,2025-12-03T00:00:00.000Z,input_cache_write,57,57,0,0,0,0
2025-12-02T00:00:00.000Z,2025-12-03T00:00:00.000Z,input_cache_write_1h,0,0,0,0,0,0
2025-12-03T00:00:00.000Z,2025-12-04T00:00:00.000Z,web_search,29,29,0,0,0,0
2025-12-03T00:00:00.000Z,2025-12-04T00:00:00.000Z,input_cache_write,57,57,0,0,0,0
2025-12-03T00:00:00.000Z,2025-12-04T00:00:00.000Z,input_cache_write_1h,0,0,0,0,0,0
2025-12-04T00:00:00.000Z,2025-12-05T00:00:00.000Z,web_search,29,29,0,0,0,0
2025-12-04T00:00:00.000Z,2025-12-05T00:00:00.000Z,input_cache_write,57,57,0,0,0,0
2025-12-04T00:00:00.000Z,2025-12-05T00:00:00.000Z,input_cache_write_1h,0,0,0,0,0,0
2025-12-05T00:00:00.000Z,2025-12-06T00:00:00.000Z,web_search,29,29,0,0,0,0
2025-12-05T00:00:00.000Z,2025-12-06T00:00:00.000Z,input_cache_write,57,57,0,0,0,0
2025-12-05T00:00:00.000Z,2025-12-06T00:00:00.000Z,input_cache_write_1h,0,0,0,0,0,0
2025-12-06T00:00:00.000Z,2025-12-07T00:00:00.000Z,web_search,29,29,0,0,0,0
2025-12-06T00:00:00.000Z,2025-12-07T00:00:00.000Z,input_cache_write,57,58,0,0,1,0
2025-12-06T00:00:00.000Z,2025-12-07T00:00:00.000Z,input_cache_write_1h,0,0,0,0,0,0
2025-12-07T00:00:00.000Z,2025-12-08T00:00:00.000Z,web_search,29,29,0,0,0,0
2025-12-07T00:00:00.000Z,2025-12-08T00:00:00.000Z,input_cache_write,58,57,0,1,0,0
2025-12-07T00:00:00.000Z,2025-12-08T00:00:00.000Z,input_cache_write_1h,0,0,0,0,0,0
2025-12-08T00:00:00.000Z,2025-12-09T00:00:00.000Z,web_search,29,29,0,0,0,0
2025-12-08T00:00:00.000Z,2025-12-09T00:00:00.000Z,input_cache_write,57,57,0,0,0,0
2025-12-08T00:00:00.000Z,2025-12-09T00:00:00.000Z,input_cache_write_1h,0,0,0,0,0,0
2025-12-09T00:00:00.000Z,2025-12-10T00:00:00.000Z,web_search,29,29,0,0,0,0
2025-12-09T00:00:00.000Z,2025-12-10T00:00:00.000Z,input_cache_write,57,57,0,0,0,0
2025-12-09T00:00:00.000Z,2025-12-10T00:00:00.000Z,input_cache_write_1h,0,0,0,0,0,0
2025-12-10T00:00:00.000Z,2025-12-11T00:00:00.000Z,web_search,29,29,0,0,0,0
2025-12-10T00:00:00.000Z,2025-12-11T00:00:00.000Z,input_cache_write,57,57,0,0,0,0
2025-12-10T00:00:00.000Z,2025-12-11T00:00:00.000Z,input_cache_write_1h,0,0,0,0,0,0
2025-12-11T00:00:00.000Z,2025-12-12T00:00:00.000Z,web_search,29,32,3,0,0,0
2025-12-11T00:00:00.000Z,2025-12-12T00:00:00.000Z,input_cache_write,57,57,0,0,0,0
2025-12-11T00:00:00.000Z,2025-12-12T00:00:00.000Z,input_cache_write_1h,0,0,0,0,0,0
2025-12-12T00:00:00.000Z,2025-12-13T00:00:00.000Z,web_search,32,32,0,0,0,0
2025-12-12T00:00:00.000Z,2025-12-13T00:00:00.000Z,input_cache_write,57,57,0,0,0,0
2025-12-12T00:00:00.000Z,2025-12-13T00:00:00.000Z,input_cache_write_1h,0,0,0,0,0,0
2025-12-13T00:00:00.000Z,2025-12-14T00:00:00.000Z,web_search,32,32,0,0,0,0
2025-12-13T00:00:00.000Z,2025-12-14T00:00:00.000Z,input_cache_write,57,57,0,0,0,0
2025-12-13T00:00:00.000Z,2025-12-14T00:00:00.000Z,input_cache_write_1h,0,0,0,0,0,0
2025-12-14T00:00:00.000Z,2025-12-15T00:00:00.000Z,web_search,32,32,0,0,0,0
2025-12-14T00:00:00.000Z,2025-12-15T00:00:00.000Z,input_cache_write,57,57,0,0,0,0
2025-12-14T00:00:00.000Z,2025-12-15T00:00:00.000Z,input_cache_write_1h,0,0,0,0,0,0
2025-12-15T00:00:00.000Z,2025-12-16T00:00:00.000Z,web_search,32,32,0,0,0,0
2025-12-15T00:00:00.000Z,2025-12-16T00:00:00.000Z,input_cache_write,57,57,0,0,0,0
2025-12-15T00:00:00.000Z,2025-12-16T00:00:00.000Z,input_cache_write_1h,0,0,0,0,0,0
2025-12-16T00:00:00.000Z,2025-12-17T00:00:00.000Z,web_search,32,32,0,0,0,0
2025-12-16T00:00:00.000Z,2025-12-17T00:00:00.000Z,input_cache_write,57,57,0,0,0,0
2025-12-16T00:00:00.000Z,2025-12-17T00:00:00.000Z,input_cache_write_1h,0,0,0,0,0,0
2025-12-17T00:00:00.000Z,2025-12-18T00:00:00.000Z,web_search,32,32,0,0,0,0
2025-12-17T00:00:00.000Z,2025-12-18T00:00:00.000Z,input_cache_write,57,57,0,0,0,0
2025-12-17T00:00:00.000Z,2025-12-18T00:00:00.000Z,input_cache_write_1h,0,0,0,0,0,0
2025-12-18T00:00:00.000Z,2025-12-19T00:00:00.000Z,web_search,32,32,0,0,0,0
2025-12-18T00:00:00.000Z,2025-12-19T00:00:00.000Z,input_cache_write,57,57,0,0,0,0
2025-12-18T00:00:00.000Z,2025-12-19T00:00:00.000Z,input_cache_write_1h,0,0,0,0,0,0
2025-12-19T00:00:00.000Z,2025-12-20T00:00:00.000Z,web_search,32,32,0,0,0,0
2025-12-19T00:00:00.000Z,2025-12-20T00:00:00.000Z,input_cache_write,57,57,0,0,0,0
2025-12-19T00:00:00.000Z,2025-12-20T00:00:00.000Z,input_cache_write_1h,0,0,0,0,0,0
2025-12-20T00:00:00.000Z,2025-12-21T00:00:00.000Z,web_search,32,32,0,0,0,0
2025-12-20T00:00:00.000Z,2025-12-21T00:00:00.000Z,input_cache_write,57,57,0,0,0,0
2025-12-20T00:00:00.000Z,2025-12-21T00:00:00.000Z,input_cache_write_1h,0,0,0,0,0,0
2025-12-21T00:00:00.000Z,2025-12-22T00:00:00.000Z,web_search,32,32,0,0,0,0
2025-12-21T00:00:00.000Z,2025-12-22T00:00:00.000Z,input_cache_write,57,57,0,0,0,0
2025-12-21T00:00:00.000Z,2025-12-22T00:00:00.000Z,input_cache_write_1h,0,0,0,0,0,0
2025-12-22T00:00:00.000Z,2025-12-23T00:00:00.000Z,web_search,32,32,0,0,0,0
2025-12-22T00:00:00.000Z,2025-12-23T00:00:00.000Z,input_cache_write,57,57,0,0,0,0
2025-12-22T00:00:00.000Z,2025-12-23T00:00:00.000Z,input_cache_write_1h,0,0,0,0,0,0
2025-12-23T00:00:00.000Z,2025-12-24T00:00:00.000Z,web_search,32,32,0,0,0,0
2025-12-23T00:00:00.000Z,2025-12-24T00:00:00.000Z,input_cache_write,57,57,0,0,0,0
2025-12-23T00:00:00.000Z,2025-12-24T00:00:00.000Z,input_cache_write_1h,0,0,0,0,0,0
2025-12-24T00:00:00.000Z,2025-12-25T00:00:00.000Z,web_search,32,32,0,0,0,0
2025-12-24T00:00:00.000Z,2025-12-25T00:00:00.000Z,input_cache_write,57,59,1,0,1,0
2025-12-24T00:00:00.000Z,2025-12-25T00:00:00.000Z,input_cache_write_1h,0,0,0,0,0,0
2025-12-25T00:00:00.000Z,2025-12-26T00:00:00.000Z,web_search,32,32,0,0,0,0
2025-12-25T00:00:00.000Z,2025-12-26T00:00:00.000Z,input_cache_write,59,59,0,0,0,0
2025-12-25T00:00:00.000Z,2025-12-26T00:00:00.000Z,input_cache_write_1h,0,0,0,0,0,0
2025-12-26T00:00:00.000Z,2025-12-27T00:00:00.000Z,web_search,32,32,0,0,0,0
2025-12-26T00:00:00.000Z,2025-12-27T00:00:00.000Z,input_cache_write,59,60,0,0,1,0
2025-12-26T00:00:00.000Z,2025-12-27T00:00:00.000Z,input_cache_write_1h,0,0,0,0,0,0
2025-12-27T00:00:00.000Z,2025-12-28T00:00:00.000Z,web_search,32,32,0,0,0,0
2025-12-27T00:00:00.000Z,2025-12-28T00:00:00.000Z,input_cache_write,60,60,0,0,0,0
2025-12-27T00:00:00.000Z,2025-12-28T00:00:00.000Z,input_cache_write_1h,0,0,0,0,0,0
2025-12-28T00:00:00.000Z,2025-12-29T00:00:00.000Z,web_search,32,32,0,0,0,0
2025-12-28T00:00:00.000Z,2025-12-29T00:00:00.000Z,input_cache_write,60,60,0,0,0,0
2025-12-28T00:00:00.000Z,2025-12-29T00:00:00.000Z,input_cache_write_1h,0,0,0,0,0,0
2025-12-29T00:00:00.000Z,2025-12-30T00:00:00.000Z,web_search,32,32,0,0,0,0
2025-12-29T00:00:00.000Z,2025-12-30T00:00:00.000Z,input_cache_write,60,60,0,0,0,0
2025-12-29T00:00:00.000Z,2025-12-30T00:00:00.000Z,input_cache_write_1h,0,0,0,0,0,0
2025-12-30T00:00:00.000Z,2025-12-31T00:00:00.000Z,web_search,32,32,0,0,0,0
2025-12-30T00:00:00.000Z,2025-12-31T00:00:00.000Z,input_cache_write,60,60,0,0,0,0
2025-12-30T00:00:00.000Z,2025-12-31T00:00:00.000Z,input_cache_write_1h,0,0,0,0,0,0
2025-12-31T00:00:00.000Z,2026-01-01T00:00:00.000Z,web_search,32,32,0,0,0,0
2025-12-31T00:00:00.000Z,2026-01-01T00:00:00.000Z,input_cache_write,60,60,0,0,0,0
2025-12-31T00:00:00.000Z,2026-01-01T00:00:00.000Z,input_cache_write_1h,0,0,0,0,0,0
2026-01-01T00:00:00.000Z,2026-01-02T00:00:00.000Z,web_search,32,32,0,0,0,0
2026-01-01T00:00:00.000Z,2026-01-02T00:00:00.000Z,input_cache_write,60,60,0,0,0,0
2026-01-01T00:00:00.000Z,2026-01-02T00:00:00.000Z,input_cache_write_1h,0,0,0,0,0,0
2026-01-02T00:00:00.000Z,2026-01-03T00:00:00.000Z,web_search,32,32,0,0,0,0
2026-01-02T00:00:00.000Z,2026-01-03T00:00:00.000Z,input_cache_write,60,60,0,0,0,0
2026-01-02T00:00:00.000Z,2026-01-03T00:00:00.000Z,input_cache_write_1h,0,0,0,0,0,0
2026-01-03T00:00:00.000Z,2026-01-04T00:00:00.000Z,web_search,32,32,0,0,0,0
2026-01-03T00:00:00.000Z,2026-01-04T00:00:00.000Z,input_cache_write,60,61,1,0,0,0
2026-01-03T00:00:00.000Z,2026-01-04T00:00:00.000Z,input_cache_write_1h,0,0,0,0,0,0
2026-01-04T00:00:00.000Z,2026-01-05T00:00:00.000Z,web_search,32,32,0,0,0,0
2026-01-04T00:00:00.000Z,2026-01-05T00:00:00.000Z,input_cache_write,61,61,0,0,0,0
2026-01-04T00:00:00.000Z,2026-01-05T00:00:00.000Z,input_cache_write_1h,0,0,0,0,0,0
2026-01-05T00:00:00.000Z,2026-01-06T00:00:00.000Z,web_search,32,32,0,0,0,0
2026-01-05T00:00:00.000Z,2026-01-06T00:00:00.000Z,input_cache_write,61,59,0,2,0,0
2026-01-05T00:00:00.000Z,2026-01-06T00:00:00.000Z,input_cache_write_1h,0,0,0,0,0,0
2026-01-06T00:00:00.000Z,2026-01-07T00:00:00.000Z,web_search,32,32,0,0,0,0
2026-01-06T00:00:00.000Z,2026-01-07T00:00:00.000Z,input_cache_write,59,58,0,0,0,1
2026-01-06T00:00:00.000Z,2026-01-07T00:00:00.000Z,input_cache_write_1h,0,0,0,0,0,0
2026-01-07T00:00:00.000Z,2026-01-08T00:00:00.000Z,web_search,32,32,0,0,0,0
2026-01-07T00:00:00.000Z,2026-01-08T00:00:00.000Z,input_cache_write,58,58,0,0,0,0
2026-01-07T00:00:00.000Z,2026-01-08T00:00:00.000Z,input_cache_write_1h,0,0,0,0,0,0
2026-01-08T00:00:00.000Z,2026-01-09T00:00:00.000Z,web_search,32,32,0,0,0,0
2026-01-08T00:00:00.000Z,2026-01-09T00:00:00.000Z,input_cache_write,58,58,0,0,0,0
2026-01-08T00:00:00.000Z,2026-01-09T00:00:00.000Z,input_cache_write_1h,0,0,0,0,0,0
2026-01-09T00:00:00.000Z,2026-01-10T00:00:00.000Z,web_search,32,32,0,0,0,0
2026-01-09T00:00:00.000Z,2026-01-10T00:00:00.000Z,input_cache_write,58,58,0,0,0,0
2026-01-09T00:00:00.000Z,2026-01-10T00:00:00.000Z,input_cache_write_1h,0,0,0,0,0,0
2026-01-10T00:00:00.000Z,2026-01-11T00:00:00.000Z,web_search,32,32,0,0,0,0
2026-01-10T00:00:00.000Z,2026-01-11T00:00:00.000Z,input_cache_write,58,58,0,0,0,0
2026-01-10T00:00:00.000Z,2026-01-11T00:00:00.000Z,input_cache_write_1h,0,0,0,0,0,0
2026-01-11T00:00:00.000Z,2026-01-12T00:00:00.000Z,web_search,32,32,0,0,0,0
2026-01-11T00:00:00.000Z,2026-01-12T00:00:00.000Z,input_cache_write,58,58,0,0,0,0
2026-01-11T00:00:00.000Z,2026-01-12T00:00:00.000Z,input_cache_write_1h,0,0,0,0,0,0
2026-01-12T00:00:00.000Z,2026-01-13T00:00:00.000Z,web_search,32,32,0,0,0,0
2026-01-12T00:00:00.000Z,2026-01-13T00:00:00.000Z,input_cache_write,58,58,0,0,0,0
2026-01-12T00:00:00.000Z,2026-01-13T00:00:00.000Z,input_cache_write_1h,0,0,0,0,0,0
2026-01-13T00:00:00.000Z,2026-01-14T00:00:00.000Z,web_search,32,32,0,0,0,0
2026-01-13T00:00:00.000Z,2026-01-14T00:00:00.000Z,input_cache_write,58,58,0,0,0,0
2026-01-13T00:00:00.000Z,2026-01-14T00:00:00.000Z,input_cache_write_1h,0,0,0,0,0,0
2026-01-14T00:00:00.000Z,2026-01-15T00:00:00.000Z,web_search,32,35,1,0,2,0
2026-01-14T00:00:00.000Z,2026-01-15T00:00:00.000Z,input_cache_write,58,57,0,1,0,0
2026-01-14T00:00:00.000Z,2026-01-15T00:00:00.000Z,input_cache_write_1h,0,0,0,0,0,0
2026-01-15T00:00:00.000Z,2026-01-16T00:00:00.000Z,web_search,35,35,0,0,0,0
2026-01-15T00:00:00.000Z,2026-01-16T00:00:00.000Z,input_cache_write,57,59,0,0,2,0
2026-01-15T00:00:00.000Z,2026-01-16T00:00:00.000Z,input_cache_write_1h,0,0,0,0,0,0
2026-01-16T00:00:00.000Z,2026-01-17T00:00:00.000Z,web_search,35,35,0,0,0,0
2026-01-16T00:00:00.000Z,2026-01-17T00:00:00.000Z,input_cache_write,59,59,0,0,0,0
2026-01-16T00:00:00.000Z,2026-01-17T00:00:00.000Z,input_cache_write_1h,0,0,0,0,0,0
2026-01-17T00:00:00.000Z,2026-01-18T00:00:00.000Z,web_search,35,36,0,0,1,0
2026-01-17T00:00:00.000Z,2026-01-18T00:00:00.000Z,input_cache_write,59,59,0,0,0,0
2026-01-17T00:00:00.000Z,2026-01-18T00:00:00.000Z,input_cache_write_1h,0,0,0,0,0,0
2026-01-18T00:00:00.000Z,2026-01-19T00:00:00.000Z,web_search,36,36,0,0,0,0
2026-01-18T00:00:00.000Z,2026-01-19T00:00:00.000Z,input_cache_write,59,59,0,0,0,0
2026-01-18T00:00:00.000Z,2026-01-19T00:00:00.000Z,input_cache_write_1h,0,0,0,0,0,0
2026-01-19T00:00:00.000Z,2026-01-20T00:00:00.000Z,web_search,36,36,0,0,0,0
2026-01-19T00:00:00.000Z,2026-01-20T00:00:00.000Z,input_cache_write,59,59,0,0,0,0
2026-01-19T00:00:00.000Z,2026-01-20T00:00:00.000Z,input_cache_write_1h,0,0,0,0,0,0
2026-01-20T00:00:00.000Z,2026-01-21T00:00:00.000Z,web_search,36,39,0,0,3,0
2026-01-20T00:00:00.000Z,2026-01-21T00:00:00.000Z,input_cache_write,59,59,0,0,0,0
2026-01-20T00:00:00.000Z,2026-01-21T00:00:00.000Z,input_cache_write_1h,0,0,0,0,0,0
2026-01-21T00:00:00.000Z,2026-01-22T00:00:00.000Z,web_search,39,39,0,0,0,0
2026-01-21T00:00:00.000Z,2026-01-22T00:00:00.000Z,input_cache_write,59,59,0,0,0,0
2026-01-21T00:00:00.000Z,2026-01-22T00:00:00.000Z,input_cache_write_1h,0,0,0,0,0,0
2026-01-22T00:00:00.000Z,2026-01-23T00:00:00.000Z,web_search,39,39,0,0,0,0
2026-01-22T00:00:00.000Z,2026-01-23T00:00:00.000Z,input_cache_write,59,67,0,0,8,0
2026-01-22T00:00:00.000Z,2026-01-23T00:00:00.000Z,input_cache_write_1h,0,0,0,0,0,0
2026-01-23T00:00:00.000Z,2026-01-24T00:00:00.000Z,web_search,39,39,0,0,0,0
2026-01-23T00:00:00.000Z,2026-01-24T00:00:00.000Z,input_cache_write,67,67,0,0,0,0
2026-01-23T00:00:00.000Z,2026-01-24T00:00:00.000Z,input_cache_write_1h,0,0,0,0,0,0
2026-01-24T00:00:00.000Z,2026-01-25T00:00:00.000Z,web_search,39,39,0,0,0,0
2026-01-24T00:00:00.000Z,2026-01-25T00:00:00.000Z,input_cache_write,67,66,1,0,0,2
2026-01-24T00:00:00.000Z,2026-01-25T00:00:00.000Z,input_cache_write_1h,0,0,0,0,0,0
2026-01-25T00:00:00.000Z,2026-01-26T00:00:00.000Z,web_search,39,39,0,0,0,0
2026-01-25T00:00:00.000Z,2026-01-26T00:00:00.000Z,input_cache_write,66,63,0,0,0,3
2026-01-25T00:00:00.000Z,2026-01-26T00:00:00.000Z,input_cache_write_1h,0,0,0,0,0,0
2026-01-26T00:00:00.000Z,2026-01-27T00:00:00.000Z,web_search,39,75,0,0,36,0
2026-01-26T00:00:00.000Z,2026-01-27T00:00:00.000Z,input_cache_write,63,64,0,0,1,0
2026-01-26T00:00:00.000Z,2026-01-27T00:00:00.000Z,input_cache_write_1h,0,0,0,0,0,0
2026-01-27T00:00:00.000Z,2026-01-28T00:00:00.000Z,web_search,75,75,0,0,0,0
2026-01-27T00:00:00.000Z,2026-01-28T00:00:00.000Z,input_cache_write,64,61,0,1,0,2
2026-01-27T00:00:00.000Z,2026-01-28T00:00:00.000Z,input_cache_write_1h,0,0,0,0,0,0
2026-01-28T00:00:00.000Z,2026-01-29T00:00:00.000Z,web_search,75,75,0,0,0,0
2026-01-28T00:00:00.000Z,2026-01-29T00:00:00.000Z,input_cache_write,61,61,0,0,0,0
2026-01-28T00:00:00.000Z,2026-01-29T00:00:00.000Z,input_cache_write_1h,0,0,0,0,0,0
2026-01-29T00:00:00.000Z,2026-01-30T00:00:00.000Z,web_search,75,75,0,0,0,0
2026-01-29T00:00:00.000Z,2026-01-30T00:00:00.000Z,input_cache_write,61,61,0,0,0,0
2026-01-29T00:00:00.000Z,2026-01-30T00:00:00.000Z,input_cache_write_1h,0,0,0,0,0,0
2026-01-30T00:00:00.000Z,2026-01-31T00:00:00.000Z,web_search,75,75,0,0,0,0
2026-01-30T00:00:00.000Z,2026-01-31T00:00:00.000Z,input_cache_write,61,61,0,0,0,0
2026-01-30T00:00:00.000Z,2026-01-31T00:00:00.000Z,input_cache_write_1h,0,0,0,0,0,0
2026-01-31T00:00:00.000Z,2026-02-01T00:00:00.000Z,web_search,75,75,0,0,0,0
2026-01-31T00:00:00.000Z,2026-02-01T00:00:00.000Z,input_cache_write,61,61,0,0,0,0
2026-01-31T00:00:00.000Z,2026-02-01T00:00:00.000Z,input_cache_write_1h,0,0,0,0,0,0
2026-02-01T00:00:00.000Z,2026-02-02T00:00:00.000Z,web_search,75,75,0,0,0,0
2026-02-01T00:00:00.000Z,2026-02-02T00:00:00.000Z,input_cache_write,61,61,0,0,0,0
2026-02-01T00:00:00.000Z,2026-02-02T00:00:00.000Z,input_cache_write_1h,0,0,0,0,0,0
2026-02-02T00:00:00.000Z,2026-02-03T00:00:00.000Z,web_search,75,75,0,0,0,0
2026-02-02T00:00:00.000Z,2026-02-03T00:00:00.000Z,input_cache_write,61,61,0,0,0,0
2026-02-02T00:00:00.000Z,2026-02-03T00:00:00.000Z,input_cache_write_1h,0,0,0,0,0,0
2026-02-03T00:00:00.000Z,2026-02-04T00:00:00.000Z,web_search,75,75,0,0,0,0
2026-02-03T00:00:00.000Z,2026-02-04T00:00:00.000Z,input_cache_write,61,61,0,0,0,0
2026-02-03T00:00:00.000Z,2026-02-04T00:00:00.000Z,input_cache_write_1h,0,0,0,0,0,0
2026-02-04T00:00:00.000Z,2026-02-05T00:00:00.000Z,web_search,75,75,0,0,0,0
2026-02-04T00:00:00.000Z,2026-02-05T00:00:00.000Z,input_cache_write,61,61,0,0,0,0
2026-02-04T00:00:00.000Z,2026-02-05T00:00:00.000Z,input_cache_write_1h,0,0,0,0,0,0
2026-02-05T00:00:00.000Z,2026-02-06T00:00:00.000Z,web_search,75,77,2,0,0,0
2026-02-05T00:00:00.000Z,2026-02-06T00:00:00.000Z,input_cache_write,61,63,2,0,0,0
2026-02-05T00:00:00.000Z,2026-02-06T00:00:00.000Z,input_cache_write_1h,0,0,0,0,0,0
2026-02-06T00:00:00.000Z,2026-02-07T00:00:00.000Z,web_search,77,77,0,0,0,0
2026-02-06T00:00:00.000Z,2026-02-07T00:00:00.000Z,input_cache_write,63,63,0,0,0,0
2026-02-06T00:00:00.000Z,2026-02-07T00:00:00.000Z,input_cache_write_1h,0,0,0,0,0,0
2026-02-07T00:00:00.000Z,2026-02-08T00:00:00.000Z,web_search,77,77,0,0,0,0
2026-02-07T00:00:00.000Z,2026-02-08T00:00:00.000Z,input_cache_write,63,63,0,0,0,0
2026-02-07T00:00:00.000Z,2026-02-08T00:00:00.000Z,input_cache_write_1h,0,0,0,0,0,0
2026-02-08T00:00:00.000Z,2026-02-09T00:00:00.000Z,web_search,77,78,1,0,0,0
2026-02-08T00:00:00.000Z,2026-02-09T00:00:00.000Z,input_cache_write,63,64,1,0,0,0
2026-02-08T00:00:00.000Z,2026-02-09T00:00:00.000Z,input_cache_write_1h,0,0,0,0,0,0
2026-02-09T00:00:00.000Z,2026-02-10T00:00:00.000Z,web_search,78,80,0,0,2,0
2026-02-09T00:00:00.000Z,2026-02-10T00:00:00.000Z,input_cache_write,64,64,0,0,0,0
2026-02-09T00:00:00.000Z,2026-02-10T00:00:00.000Z,input_cache_write_1h,0,0,0,0,0,0
2026-02-10T00:00:00.000Z,2026-02-11T00:00:00.000Z,web_search,80,80,0,0,0,0
2026-02-10T00:00:00.000Z,2026-02-11T00:00:00.000Z,input_cache_write,64,64,0,0,0,0
2026-02-10T00:00:00.000Z,2026-02-11T00:00:00.000Z,input_cache_write_1h,0,0,0,0,0,0
2026-02-11T00:00:00.000Z,2026-02-12T00:00:00.000Z,web_search,80,80,0,0,0,0
2026-02-11T00:00:00.000Z,2026-02-12T00:00:00.000Z,input_cache_write,64,64,0,0,0,0
2026-02-11T00:00:00.000Z,2026-02-12T00:00:00.000Z,input_cache_write_1h,0,0,0,0,0,0
2026-02-12T00:00:00.000Z,2026-02-13T00:00:00.000Z,web_search,80,80,0,0,0,0
2026-02-12T00:00:00.000Z,2026-02-13T00:00:00.000Z,input_cache_write,64,64,0,0,0,0
2026-02-12T00:00:00.000Z,2026-02-13T00:00:00.000Z,input_cache_write_1h,0,0,0,0,0,0
2026-02-13T00:00:00.000Z,2026-02-14T00:00:00.000Z,web_search,80,80,0,0,0,0
2026-02-13T00:00:00.000Z,2026-02-14T00:00:00.000Z,input_cache_write,64,64,0,0,0,0
2026-02-13T00:00:00.000Z,2026-02-14T00:00:00.000Z,input_cache_write_1h,0,0,0,0,0,0
2026-02-14T00:00:00.000Z,2026-02-15T00:00:00.000Z,web_search,80,80,0,0,0,0
2026-02-14T00:00:00.000Z,2026-02-15T00:00:00.000Z,input_cache_write,64,65,1,0,0,0
2026-02-14T00:00:00.000Z,2026-02-15T00:00:00.000Z,input_cache_write_1h,0,0,0,0,0,0
2026-02-15T00:00:00.000Z,2026-02-16T00:00:00.000Z,web_search,80,80,0,0,0,0
2026-02-15T00:00:00.000Z,2026-02-16T00:00:00.000Z,input_cache_write,65,65,0,0,0,0
2026-02-15T00:00:00.000Z,2026-02-16T00:00:00.000Z,input_cache_write_1h,0,0,0,0,0,0
2026-02-16T00:00:00.000Z,2026-02-17T00:00:00.000Z,web_search,80,80,0,0,0,0
2026-02-16T00:00:00.000Z,2026-02-17T00:00:00.000Z,input_cache_write,65,65,0,0,0,0
2026-02-16T00:00:00.000Z,2026-02-17T00:00:00.000Z,input_cache_write_1h,0,0,0,0,0,0
2026-02-17T00:00:00.000Z,2026-02-18T00:00:00.000Z,web_search,80,82,2,0,0,0
2026-02-17T00:00:00.000Z,2026-02-18T00:00:00.000Z,input_cache_write,65,67,2,0,0,0
2026-02-17T00:00:00.000Z,2026-02-18T00:00:00.000Z,input_cache_write_1h,0,0,0,0,0,0
2026-02-18T00:00:00.000Z,2026-02-19T00:00:00.000Z,web_search,82,83,1,0,0,0
2026-02-18T00:00:00.000Z,2026-02-19T00:00:00.000Z,input_cache_write,67,67,1,1,0,0
2026-02-18T00:00:00.000Z,2026-02-19T00:00:00.000Z,input_cache_write_1h,0,0,0,0,0,0
2026-02-19T00:00:00.000Z,2026-02-20T00:00:00.000Z,web_search,83,83,0,0,0,0
2026-02-19T00:00:00.000Z,2026-02-20T00:00:00.000Z,input_cache_write,67,69,2,0,0,0
2026-02-19T00:00:00.000Z,2026-02-20T00:00:00.000Z,input_cache_write_1h,0,0,0,0,0,0
2026-02-20T00:00:00.000Z,2026-02-21T00:00:00.000Z,web_search,83,80,0,3,0,0
2026-02-20T00:00:00.000Z,2026-02-21T00:00:00.000Z,input_cache_write,69,66,0,3,0,0
2026-02-20T00:00:00.000Z,2026-02-21T00:00:00.000Z,input_cache_write_1h,0,0,0,0,0,0
2026-02-21T00:00:00.000Z,2026-02-22T00:00:00.000Z,web_search,80,80,0,0,0,0
2026-02-21T00:00:00.000Z,2026-02-22T00:00:00.000Z,input_cache_write,66,66,0,0,0,0
2026-02-21T00:00:00.000Z,2026-02-22T00:00:00.000Z,input_cache_write_1h,0,0,0,0,0,0
2026-02-22T00:00:00.000Z,2026-02-23T00:00:00.000Z,web_search,80,80,0,0,0,0
2026-02-22T00:00:00.000Z,2026-02-23T00:00:00.000Z,input_cache_write,66,66,0,0,0,0
2026-02-22T00:00:00.000Z,2026-02-23T00:00:00.000Z,input_cache_write_1h,0,0,0,0,0,0
2026-02-23T00:00:00.000Z,2026-02-24T00:00:00.000Z,web_search,80,80,0,0,0,0
2026-02-23T00:00:00.000Z,2026-02-24T00:00:00.000Z,input_cache_write,66,66,0,0,0,0
2026-02-23T00:00:00.000Z,2026-02-24T00:00:00.000Z,input_cache_write_1h,0,0,0,0,0,0
2026-02-24T00:00:00.000Z,2026-02-25T00:00:00.000Z,web_search,80,81,1,0,0,0
2026-02-24T00:00:00.000Z,2026-02-25T00:00:00.000Z,input_cache_write,66,67,1,0,0,0
2026-02-24T00:00:00.000Z,2026-02-25T00:00:00.000Z,input_cache_write_1h,0,0,0,0,0,0
2026-02-25T00:00:00.000Z,2026-02-26T00:00:00.000Z,web_search,81,81,0,0,0,0
2026-02-25T00:00:00.000Z,2026-02-26T00:00:00.000Z,input_cache_write,67,67,1,0,0,1
2026-02-25T00:00:00.000Z,2026-02-26T00:00:00.000Z,input_cache_write_1h,0,0,0,0,0,0
2026-02-26T00:00:00.000Z,2026-02-27T00:00:00.000Z,web_search,81,81,0,0,0,0
2026-02-26T00:00:00.000Z,2026-02-27T00:00:00.000Z,input_cache_write,67,67,0,0,0,0
2026-02-26T00:00:00.000Z,2026-02-27T00:00:00.000Z,input_cache_write_1h,0,0,0,0,0,0
2026-02-27T00:00:00.000Z,2026-02-28T00:00:00.000Z,web_search,81,81,0,0,0,0
2026-02-27T00:00:00.000Z,2026-02-28T00:00:00.000Z,input_cache_write,67,67,0,0,0,0
2026-02-27T00:00:00.000Z,2026-02-28T00:00:00.000Z,input_cache_write_1h,0,0,0,0,0,0
2026-02-28T00:00:00.000Z,2026-03-01T00:00:00.000Z,web_search,81,81,0,0,0,0
2026-02-28T00:00:00.000Z,2026-03-01T00:00:00.000Z,input_cache_write,67,67,0,0,0,0
2026-02-28T00:00:00.000Z,2026-03-01T00:00:00.000Z,input_cache_write_1h,0,0,0,0,0,0
2026-03-01T00:00:00.000Z,2026-03-02T00:00:00.000Z,web_search,81,81,0,0,0,0
2026-03-01T00:00:00.000Z,2026-03-02T00:00:00.000Z,input_cache_write,67,67,0,0,0,0
2026-03-01T00:00:00.000Z,2026-03-02T00:00:00.000Z,input_cache_write_1h,0,0,0,0,0,0
2026-03-02T00:00:00.000Z,2026-03-03T00:00:00.000Z,web_search,81,81,0,0,0,0
2026-03-02T00:00:00.000Z,2026-03-03T00:00:00.000Z,input_cache_write,67,67,0,0,0,0
2026-03-02T00:00:00.000Z,2026-03-03T00:00:00.000Z,input_cache_write_1h,0,0,0,0,0,0
2026-03-03T00:00:00.000Z,2026-03-04T00:00:00.000Z,web_search,81,82,1,0,0,0
2026-03-03T00:00:00.000Z,2026-03-04T00:00:00.000Z,input_cache_write,67,69,2,0,0,0
2026-03-03T00:00:00.000Z,2026-03-04T00:00:00.000Z,input_cache_write_1h,0,0,0,0,0,0
2026-03-04T00:00:00.000Z,2026-03-05T00:00:00.000Z,web_search,82,82,0,0,0,0
2026-03-04T00:00:00.000Z,2026-03-05T00:00:00.000Z,input_cache_write,69,69,0,0,0,0
2026-03-04T00:00:00.000Z,2026-03-05T00:00:00.000Z,input_cache_write_1h,0,0,0,0,0,0
2026-03-05T00:00:00.000Z,2026-03-06T00:00:00.000Z,web_search,82,84,2,0,0,0
2026-03-05T00:00:00.000Z,2026-03-06T00:00:00.000Z,input_cache_write,69,69,0,0,0,0
2026-03-05T00:00:00.000Z,2026-03-06T00:00:00.000Z,input_cache_write_1h,0,0,0,0,0,0
2026-03-06T00:00:00.000Z,2026-03-07T00:00:00.000Z,web_search,84,84,0,0,0,0
2026-03-06T00:00:00.000Z,2026-03-07T00:00:00.000Z,input_cache_write,69,69,0,0,0,0
2026-03-06T00:00:00.000Z,2026-03-07T00:00:00.000Z,input_cache_write_1h,0,0,0,0,0,0
2026-03-07T00:00:00.000Z,2026-03-08T00:00:00.000Z,web_search,84,84,0,0,0,0
2026-03-07T00:00:00.000Z,2026-03-08T00:00:00.000Z,input_cache_write,69,69,0,0,0,0
2026-03-07T00:00:00.000Z,2026-03-08T00:00:00.000Z,input_cache_write_1h,0,0,0,0,0,0
2026-03-08T00:00:00.000Z,2026-03-09T00:00:00.000Z,web_search,84,84,0,0,0,0
2026-03-08T00:00:00.000Z,2026-03-09T00:00:00.000Z,input_cache_write,69,69,0,0,0,0
2026-03-08T00:00:00.000Z,2026-03-09T00:00:00.000Z,input_cache_write_1h,0,0,0,0,0,0
2026-03-09T00:00:00.000Z,2026-03-10T00:00:00.000Z,web_search,84,84,0,0,0,0
2026-03-09T00:00:00.000Z,2026-03-10T00:00:00.000Z,input_cache_write,69,69,0,0,0,0
2026-03-09T00:00:00.000Z,2026-03-10T00:00:00.000Z,input_cache_write_1h,0,0,0,0,0,0
2026-03-10T00:00:00.000Z,2026-03-11T00:00:00.000Z,web_search,84,84,0,0,0,0
2026-03-10T00:00:00.000Z,2026-03-11T00:00:00.000Z,input_cache_write,69,68,0,1,0,0
2026-03-10T00:00:00.000Z,2026-03-11T00:00:00.000Z,input_cache_write_1h,0,0,0,0,0,0
2026-03-11T00:00:00.000Z,2026-03-12T00:00:00.000Z,web_search,84,84,0,0,0,0
2026-03-11T00:00:00.000Z,2026-03-12T00:00:00.000Z,input_cache_write,68,68,0,0,0,0
2026-03-11T00:00:00.000Z,2026-03-12T00:00:00.000Z,input_cache_write_1h,0,0,0,0,0,0
2026-03-12T00:00:00.000Z,2026-03-13T00:00:00.000Z,web_search,84,87,3,0,0,0
2026-03-12T00:00:00.000Z,2026-03-13T00:00:00.000Z,input_cache_write,68,69,1,0,0,0
2026-03-12T00:00:00.000Z,2026-03-13T00:00:00.000Z,input_cache_write_1h,0,0,0,0,0,0
2026-03-13T00:00:00.000Z,2026-03-14T00:00:00.000Z,web_search,87,87,0,0,0,0
2026-03-13T00:00:00.000Z,2026-03-14T00:00:00.000Z,input_cache_write,69,69,0,0,0,0
2026-03-13T00:00:00.000Z,2026-03-14T00:00:00.000Z,input_cache_write_1h,0,0,0,0,0,0
2026-03-14T00:00:00.000Z,2026-03-15T00:00:00.000Z,web_search,87,87,0,0,0,0
2026-03-14T00:00:00.000Z,2026-03-15T00:00:00.000Z,input_cache_write,69,69,0,0,0,0
2026-03-14T00:00:00.000Z,2026-03-15T00:00:00.000Z,input_cache_write_1h,0,0,0,0,0,0
2026-03-15T00:00:00.000Z,2026-03-16T00:00:00.000Z,web_search,87,87,0,0,0,0
2026-03-15T00:00:00.000Z,2026-03-16T00:00:00.000Z,input_cache_write,69,69,0,0,0,0
2026-03-15T00:00:00.000Z,2026-03-16T00:00:00.000Z,input_cache_write_1h,0,0,0,0,0,0
2026-03-16T00:00:00.000Z,2026-03-17T00:00:00.000Z,web_search,87,88,1,0,0,0
2026-03-16T00:00:00.000Z,2026-03-17T00:00:00.000Z,input_cache_write,69,69,0,0,0,0
2026-03-16T00:00:00.000Z,2026-03-17T00:00:00.000Z,input_cache_write_1h,0,0,0,0,0,0
2026-03-17T00:00:00.000Z,2026-03-18T00:00:00.000Z,web_search,88,93,5,0,0,0
2026-03-17T00:00:00.000Z,2026-03-18T00:00:00.000Z,input_cache_write,69,69,0,0,0,0
2026-03-17T00:00:00.000Z,2026-03-18T00:00:00.000Z,input_cache_write_1h,0,0,0,0,0,0
2026-03-18T00:00:00.000Z,2026-03-19T00:00:00.000Z,web_search,93,93,0,0,0,0
2026-03-18T00:00:00.000Z,2026-03-19T00:00:00.000Z,input_cache_write,69,69,0,0,0,0
2026-03-18T00:00:00.000Z,2026-03-19T00:00:00.000Z,input_cache_write_1h,0,0,0,0,0,0
2026-03-19T00:00:00.000Z,2026-03-20T00:00:00.000Z,web_search,93,95,2,0,0,0
2026-03-19T00:00:00.000Z,2026-03-20T00:00:00.000Z,input_cache_write,69,71,2,0,0,0
2026-03-19T00:00:00.000Z,2026-03-20T00:00:00.000Z,input_cache_write_1h,0,0,0,0,0,0
2026-03-20T00:00:00.000Z,2026-03-21T00:00:00.000Z,web_search,95,95,0,0,0,0
2026-03-20T00:00:00.000Z,2026-03-21T00:00:00.000Z,input_cache_write,71,71,0,0,0,0
2026-03-20T00:00:00.000Z,2026-03-21T00:00:00.000Z,input_cache_write_1h,0,0,0,0,0,0
2026-03-21T00:00:00.000Z,2026-03-22T00:00:00.000Z,web_search,95,95,0,0,0,0
2026-03-21T00:00:00.000Z,2026-03-22T00:00:00.000Z,input_cache_write,71,71,0,0,0,0
2026-03-21T00:00:00.000Z,2026-03-22T00:00:00.000Z,input_cache_write_1h,0,0,0,0,0,0
2026-03-22T00:00:00.000Z,2026-03-23T00:00:00.000Z,web_search,95,95,0,0,0,0
2026-03-22T00:00:00.000Z,2026-03-23T00:00:00.000Z,input_cache_write,71,71,0,0,0,0
2026-03-22T00:00:00.000Z,2026-03-23T00:00:00.000Z,input_cache_write_1h,0,0,0,0,0,0
2026-03-23T00:00:00.000Z,2026-03-24T00:00:00.000Z,web_search,95,95,0,0,0,0
2026-03-23T00:00:00.000Z,2026-03-24T00:00:00.000Z,input_cache_write,71,71,0,0,0,0
2026-03-23T00:00:00.000Z,2026-03-24T00:00:00.000Z,input_cache_write_1h,0,0,0,0,0,0
2026-03-24T00:00:00.000Z,2026-03-25T00:00:00.000Z,web_search,95,95,0,0,0,0
2026-03-24T00:00:00.000Z,2026-03-25T00:00:00.000Z,input_cache_write,71,71,0,0,0,0
2026-03-24T00:00:00.000Z,2026-03-25T00:00:00.000Z,input_cache_write_1h,0,0,0,0,0,0
2026-03-25T00:00:00.000Z,2026-03-26T00:00:00.000Z,web_search,95,95,0,0,0,0
2026-03-25T00:00:00.000Z,2026-03-26T00:00:00.000Z,input_cache_write,71,71,0,0,0,0
2026-03-25T00:00:00.000Z,2026-03-26T00:00:00.000Z,input_cache_write_1h,0,0,0,0,0,0
2026-03-26T00:00:00.000Z,2026-03-27T00:00:00.000Z,web_search,95,95,0,0,0,0
2026-03-26T00:00:00.000Z,2026-03-27T00:00:00.000Z,input_cache_write,71,70,0,1,0,0
2026-03-26T00:00:00.000Z,2026-03-27T00:00:00.000Z,input_cache_write_1h,0,0,0,0,0,0
2026-03-27T00:00:00.000Z,2026-03-28T00:00:00.000Z,web_search,95,95,0,0,0,0
2026-03-27T00:00:00.000Z,2026-03-28T00:00:00.000Z,input_cache_write,70,70,0,0,0,0
2026-03-27T00:00:00.000Z,2026-03-28T00:00:00.000Z,input_cache_write_1h,0,0,0,0,0,0
2026-03-28T00:00:00.000Z,2026-03-29T00:00:00.000Z,web_search,95,95,0,0,0,0
2026-03-28T00:00:00.000Z,2026-03-29T00:00:00.000Z,input_cache_write,70,70,0,0,0,0
2026-03-28T00:00:00.000Z,2026-03-29T00:00:00.000Z,input_cache_write_1h,0,0,0,0,0,0
2026-03-29T00:00:00.000Z,2026-03-30T00:00:00.000Z,web_search,95,95,0,0,0,0
2026-03-29T00:00:00.000Z,2026-03-30T00:00:00.000Z,input_cache_write,70,70,0,0,0,0
2026-03-29T00:00:00.000Z,2026-03-30T00:00:00.000Z,input_cache_write_1h,0,0,0,0,0,0
2026-03-30T00:00:00.000Z,2026-03-31T00:00:00.000Z,web_search,95,95,0,0,0,0
2026-03-30T00:00:00.000Z,2026-03-31T00:00:00.000Z,input_cache_write,70,70,0,0,0,0
2026-03-30T00:00:00.000Z,2026-03-31T00:00:00.000Z,input_cache_write_1h,0,0,0,0,0,0
2026-03-31T00:00:00.000Z,2026-04-01T00:00:00.000Z,web_search,95,97,4,2,0,0
2026-03-31T00:00:00.000Z,2026-04-01T00:00:00.000Z,input_cache_write,70,70,0,0,0,0
2026-03-31T00:00:00.000Z,2026-04-01T00:00:00.000Z,input_cache_write_1h,0,0,0,0,0,0
2026-04-01T00:00:00.000Z,2026-04-02T00:00:00.000Z,web_search,97,97,0,0,0,0
2026-04-01T00:00:00.000Z,2026-04-02T00:00:00.000Z,input_cache_write,70,69,0,1,0,0
2026-04-01T00:00:00.000Z,2026-04-02T00:00:00.000Z,input_cache_write_1h,0,0,0,0,0,0
2026-04-02T00:00:00.000Z,2026-04-03T00:00:00.000Z,web_search,97,97,0,0,0,0
2026-04-02T00:00:00.000Z,2026-04-03T00:00:00.000Z,input_cache_write,69,69,0,0,0,0
2026-04-02T00:00:00.000Z,2026-04-03T00:00:00.000Z,input_cache_write_1h,0,0,0,0,0,0
2026-04-03T00:00:00.000Z,2026-04-04T00:00:00.000Z,web_search,97,98,1,0,0,0
2026-04-03T00:00:00.000Z,2026-04-04T00:00:00.000Z,input_cache_write,69,70,1,0,0,0
2026-04-03T00:00:00.000Z,2026-04-04T00:00:00.000Z,input_cache_write_1h,0,0,0,0,0,0
2026-04-04T00:00:00.000Z,2026-04-05T00:00:00.000Z,web_search,98,98,0,0,0,0
2026-04-04T00:00:00.000Z,2026-04-05T00:00:00.000Z,input_cache_write,70,70,0,0,0,0
2026-04-04T00:00:00.000Z,2026-04-05T00:00:00.000Z,input_cache_write_1h,0,0,0,0,0,0
2026-04-05T00:00:00.000Z,2026-04-06T00:00:00.000Z,web_search,98,98,0,0,0,0
2026-04-05T00:00:00.000Z,2026-04-06T00:00:00.000Z,input_cache_write,70,69,0,1,0,0
2026-04-05T00:00:00.000Z,2026-04-06T00:00:00.000Z,input_cache_write_1h,0,0,0,0,0,0
2026-04-06T00:00:00.000Z,2026-04-07T00:00:00.000Z,web_search,98,98,0,0,0,0
2026-04-06T00:00:00.000Z,2026-04-07T00:00:00.000Z,input_cache_write,69,69,0,0,0,0
2026-04-06T00:00:00.000Z,2026-04-07T00:00:00.000Z,input_cache_write_1h,0,0,0,0,0,0
2026-04-07T00:00:00.000Z,2026-04-08T00:00:00.000Z,web_search,98,99,1,0,0,0
2026-04-07T00:00:00.000Z,2026-04-08T00:00:00.000Z,input_cache_write,69,70,1,0,0,0
2026-04-07T00:00:00.000Z,2026-04-08T00:00:00.000Z,input_cache_write_1h,0,0,0,0,0,0
2026-04-08T00:00:00.000Z,2026-04-09T00:00:00.000Z,web_search,99,99,0,0,0,0
2026-04-08T00:00:00.000Z,2026-04-09T00:00:00.000Z,input_cache_write,70,70,0,0,0,0
2026-04-08T00:00:00.000Z,2026-04-09T00:00:00.000Z,input_cache_write_1h,0,0,0,0,0,0
2026-04-09T00:00:00.000Z,2026-04-10T00:00:00.000Z,web_search,99,99,0,0,0,0
2026-04-09T00:00:00.000Z,2026-04-10T00:00:00.000Z,input_cache_write,70,70,0,0,0,0
2026-04-09T00:00:00.000Z,2026-04-10T00:00:00.000Z,input_cache_write_1h,0,0,0,0,0,0
2026-04-10T00:00:00.000Z,2026-04-11T00:00:00.000Z,web_search,99,99,0,0,0,0
2026-04-10T00:00:00.000Z,2026-04-11T00:00:00.000Z,input_cache_write,70,70,0,0,0,0
2026-04-10T00:00:00.000Z,2026-04-11T00:00:00.000Z,input_cache_write_1h,0,0,0,0,0,0
2026-04-11T00:00:00.000Z,2026-04-12T00:00:00.000Z,web_search,99,99,0,0,0,0
2026-04-11T00:00:00.000Z,2026-04-12T00:00:00.000Z,input_cache_write,70,70,0,0,0,0
2026-04-11T00:00:00.000Z,2026-04-12T00:00:00.000Z,input_cache_write_1h,0,0,0,0,0,0
2026-04-12T00:00:00.000Z,2026-04-13T00:00:00.000Z,web_search,99,99,0,0,0,0
2026-04-12T00:00:00.000Z,2026-04-13T00:00:00.000Z,input_cache_write,70,70,0,0,0,0
2026-04-12T00:00:00.000Z,2026-04-13T00:00:00.000Z,input_cache_write_1h,0,0,0,0,0,0
2026-04-13T00:00:00.000Z,2026-04-14T00:00:00.000Z,web_search,99,99,0,0,0,0
2026-04-13T00:00:00.000Z,2026-04-14T00:00:00.000Z,input_cache_write,70,70,0,0,0,0
2026-04-13T00:00:00.000Z,2026-04-14T00:00:00.000Z,input_cache_write_1h,0,0,0,0,0,0
2026-04-14T00:00:00.000Z,2026-04-15T00:00:00.000Z,web_search,99,102,3,0,0,0
2026-04-14T00:00:00.000Z,2026-04-15T00:00:00.000Z,input_cache_write,70,73,3,0,0,0
2026-04-14T00:00:00.000Z,2026-04-15T00:00:00.000Z,input_cache_write_1h,0,0,0,0,0,0
2026-04-15T00:00:00.000Z,2026-04-16T00:00:00.000Z,web_search,102,102,0,0,0,0
2026-04-15T00:00:00.000Z,2026-04-16T00:00:00.000Z,input_cache_write,73,73,0,0,0,0
2026-04-15T00:00:00.000Z,2026-04-16T00:00:00.000Z,input_cache_write_1h,0,0,0,0,0,0
2026-04-16T00:00:00.000Z,2026-04-17T00:00:00.000Z,web_search,102,105,3,0,0,0
2026-04-16T00:00:00.000Z,2026-04-17T00:00:00.000Z,input_cache_write,73,86,3,0,10,0
2026-04-16T00:00:00.000Z,2026-04-17T00:00:00.000Z,input_cache_write_1h,0,0,0,0,0,0
2026-04-17T00:00:00.000Z,2026-04-18T00:00:00.000Z,web_search,105,106,1,0,0,0
2026-04-17T00:00:00.000Z,2026-04-18T00:00:00.000Z,input_cache_write,86,87,1,0,0,0
2026-04-17T00:00:00.000Z,2026-04-18T00:00:00.000Z,input_cache_write_1h,0,0,0,0,0,0
2026-04-18T00:00:00.000Z,2026-04-19T00:00:00.000Z,web_search,106,106,0,0,0,0
2026-04-18T00:00:00.000Z,2026-04-19T00:00:00.000Z,input_cache_write,87,87,0,0,0,0
2026-04-18T00:00:00.000Z,2026-04-19T00:00:00.000Z,input_cache_write_1h,0,0,0,0,0,0
2026-04-19T00:00:00.000Z,2026-04-20T00:00:00.000Z,web_search,106,106,0,0,0,0
2026-04-19T00:00:00.000Z,2026-04-20T00:00:00.000Z,input_cache_write,87,87,0,0,0,0
2026-04-19T00:00:00.000Z,2026-04-20T00:00:00.000Z,input_cache_write_1h,0,0,0,0,0,0
2026-04-20T00:00:00.000Z,2026-04-21T00:00:00.000Z,web_search,106,106,0,0,0,0
2026-04-20T00:00:00.000Z,2026-04-21T00:00:00.000Z,input_cache_write,87,86,0,1,0,0
2026-04-20T00:00:00.000Z,2026-04-21T00:00:00.000Z,input_cache_write_1h,0,0,0,0,0,0
2026-04-21T00:00:00.000Z,2026-04-22T00:00:00.000Z,web_search,106,135,1,0,28,0
2026-04-21T00:00:00.000Z,2026-04-22T00:00:00.000Z,input_cache_write,86,86,0,0,0,0
2026-04-21T00:00:00.000Z,2026-04-22T00:00:00.000Z,input_cache_write_1h,0,0,0,0,0,0
2026-04-22T00:00:00.000Z,2026-04-23T00:00:00.000Z,web_search,135,135,0,0,0,0
2026-04-22T00:00:00.000Z,2026-04-23T00:00:00.000Z,input_cache_write,86,86,0,0,0,0
2026-04-22T00:00:00.000Z,2026-04-23T00:00:00.000Z,input_cache_write_1h,0,0,0,0,0,0
2026-04-23T00:00:00.000Z,2026-04-24T00:00:00.000Z,web_search,135,135,0,0,0,0
2026-04-23T00:00:00.000Z,2026-04-24T00:00:00.000Z,input_cache_write,86,86,0,0,0,0
2026-04-23T00:00:00.000Z,2026-04-24T00:00:00.000Z,input_cache_write_1h,0,0,0,0,0,0
2026-04-24T00:00:00.000Z,2026-04-25T00:00:00.000Z,web_search,135,137,2,0,0,0
2026-04-24T00:00:00.000Z,2026-04-25T00:00:00.000Z,input_cache_write,86,86,0,0,0,0
2026-04-24T00:00:00.000Z,2026-04-25T00:00:00.000Z,input_cache_write_1h,0,0,0,0,0,0
2026-04-25T00:00:00.000Z,2026-04-26T00:00:00.000Z,web_search,137,137,0,0,0,0
2026-04-25T00:00:00.000Z,2026-04-26T00:00:00.000Z,input_cache_write,86,86,0,0,0,0
2026-04-25T00:00:00.000Z,2026-04-26T00:00:00.000Z,input_cache_write_1h,0,0,0,0,0,0
2026-04-26T00:00:00.000Z,2026-04-27T00:00:00.000Z,web_search,137,137,0,0,0,0
2026-04-26T00:00:00.000Z,2026-04-27T00:00:00.000Z,input_cache_write,86,86,0,0,0,0
2026-04-26T00:00:00.000Z,2026-04-27T00:00:00.000Z,input_cache_write_1h,0,0,0,0,0,0
2026-04-27T00:00:00.000Z,2026-04-28T00:00:00.000Z,web_search,137,138,1,0,0,0
2026-04-27T00:00:00.000Z,2026-04-28T00:00:00.000Z,input_cache_write,86,88,2,0,0,0
2026-04-27T00:00:00.000Z,2026-04-28T00:00:00.000Z,input_cache_write_1h,0,0,0,0,0,0
2026-04-28T00:00:00.000Z,2026-04-29T00:00:00.000Z,web_search,138,148,13,3,0,0
2026-04-28T00:00:00.000Z,2026-04-29T00:00:00.000Z,input_cache_write,88,98,13,3,0,0
2026-04-28T00:00:00.000Z,2026-04-29T00:00:00.000Z,input_cache_write_1h,0,0,0,0,0,0
2026-04-29T00:00:00.000Z,2026-04-30T00:00:00.000Z,web_search,148,148,0,0,0,0
2026-04-29T00:00:00.000Z,2026-04-30T00:00:00.000Z,input_cache_write,98,98,0,0,0,0
2026-04-29T00:00:00.000Z,2026-04-30T00:00:00.000Z,input_cache_write_1h,0,0,0,0,0,0
2026-04-30T00:00:00.000Z,2026-05-01T00:00:00.000Z,web_search,148,149,1,0,0,0
2026-04-30T00:00:00.000Z,2026-05-01T00:00:00.000Z,input_cache_write,98,98,0,0,0,0
2026-04-30T00:00:00.000Z,2026-05-01T00:00:00.000Z,input_cache_write_1h,0,0,0,0,0,0
2026-05-01T00:00:00.000Z,2026-05-02T00:00:00.000Z,web_search,149,149,0,0,0,0
2026-05-01T00:00:00.000Z,2026-05-02T00:00:00.000Z,input_cache_write,98,98,0,0,0,0
2026-05-01T00:00:00.000Z,2026-05-02T00:00:00.000Z,input_cache_write_1h,0,0,0,0,0,0
2026-05-02T00:00:00.000Z,2026-05-03T00:00:00.000Z,web_search,149,149,0,0,0,0
2026-05-02T00:00:00.000Z,2026-05-03T00:00:00.000Z,input_cache_write,98,98,0,0,0,0
2026-05-02T00:00:00.000Z,2026-05-03T00:00:00.000Z,input_cache_write_1h,0,0,0,0,0,0
2026-05-03T00:00:00.000Z,2026-05-04T00:00:00.000Z,web_search,149,149,0,0,0,0
2026-05-03T00:00:00.000Z,2026-05-04T00:00:00.000Z,input_cache_write,98,98,0,0,0,0
2026-05-03T00:00:00.000Z,2026-05-04T00:00:00.000Z,input_cache_write_1h,0,0,0,0,0,0
2026-05-04T00:00:00.000Z,2026-05-05T00:00:00.000Z,web_search,149,149,0,0,0,0
2026-05-04T00:00:00.000Z,2026-05-05T00:00:00.000Z,input_cache_write,98,98,0,0,0,0
2026-05-04T00:00:00.000Z,2026-05-05T00:00:00.000Z,input_cache_write_1h,0,0,0,0,0,0
2026-05-05T00:00:00.000Z,2026-05-06T00:00:00.000Z,web_search,149,149,1,1,0,0
2026-05-05T00:00:00.000Z,2026-05-06T00:00:00.000Z,input_cache_write,98,97,0,1,0,0
2026-05-05T00:00:00.000Z,2026-05-06T00:00:00.000Z,input_cache_write_1h,0,0,0,0,0,0
2026-05-06T00:00:00.000Z,2026-05-07T00:00:00.000Z,web_search,149,149,0,0,0,0
2026-05-06T00:00:00.000Z,2026-05-07T00:00:00.000Z,input_cache_write,97,97,0,0,0,0
2026-05-06T00:00:00.000Z,2026-05-07T00:00:00.000Z,input_cache_write_1h,0,0,0,0,0,0
2026-05-07T00:00:00.000Z,2026-05-08T00:00:00.000Z,web_search,149,151,2,0,0,0
2026-05-07T00:00:00.000Z,2026-05-08T00:00:00.000Z,input_cache_write,97,99,2,0,0,0
2026-05-07T00:00:00.000Z,2026-05-08T00:00:00.000Z,input_cache_write_1h,0,0,0,0,0,0
2026-05-08T00:00:00.000Z,2026-05-09T00:00:00.000Z,web_search,151,151,0,0,0,0
2026-05-08T00:00:00.000Z,2026-05-09T00:00:00.000Z,input_cache_write,99,99,0,0,0,0
2026-05-08T00:00:00.000Z,2026-05-09T00:00:00.000Z,input_cache_write_1h,0,0,0,0,0,0
2026-05-09T00:00:00.000Z,2026-05-10T00:00:00.000Z,web_search,151,151,0,0,0,0
2026-05-09T00:00:00.000Z,2026-05-10T00:00:00.000Z,input_cache_write,99,99,0,0,0,0
2026-05-09T00:00:00.000Z,2026-05-10T00:00:00.000Z,input_cache_write_1h,0,0,0,0,0,0
2026-05-10T00:00:00.000Z,2026-05-11T00:00:00.000Z,web_search,151,151,0,0,0,0
2026-05-10T00:00:00.000Z,2026-05-11T00:00:00.000Z,input_cache_write,99,99,0,0,0,0
2026-05-10T00:00:00.000Z,2026-05-11T00:00:00.000Z,input_cache_write_1h,0,0,0,0,0,0
2026-05-11T00:00:00.000Z,2026-05-12T00:00:00.000Z,web_search,151,148,0,3,0,0
2026-05-11T00:00:00.000Z,2026-05-12T00:00:00.000Z,input_cache_write,99,96,0,3,0,0
2026-05-11T00:00:00.000Z,2026-05-12T00:00:00.000Z,input_cache_write_1h,0,0,0,0,0,0
2026-05-12T00:00:00.000Z,2026-05-13T00:00:00.000Z,web_search,148,149,1,0,0,0
2026-05-12T00:00:00.000Z,2026-05-13T00:00:00.000Z,input_cache_write,96,97,1,0,0,0
2026-05-12T00:00:00.000Z,2026-05-13T00:00:00.000Z,input_cache_write_1h,0,0,0,0,0,0
2026-05-13T00:00:00.000Z,2026-05-14T00:00:00.000Z,web_search,149,149,0,0,0,0
2026-05-13T00:00:00.000Z,2026-05-14T00:00:00.000Z,input_cache_write,97,97,0,0,0,0
2026-05-13T00:00:00.000Z,2026-05-14T00:00:00.000Z,input_cache_write_1h,0,0,0,0,0,0
2026-05-14T00:00:00.000Z,2026-05-15T00:00:00.000Z,web_search,149,149,0,0,0,0
2026-05-14T00:00:00.000Z,2026-05-15T00:00:00.000Z,input_cache_write,97,97,0,0,0,0
2026-05-14T00:00:00.000Z,2026-05-15T00:00:00.000Z,input_cache_write_1h,0,0,0,0,0,0
2026-05-15T00:00:00.000Z,2026-05-16T00:00:00.000Z,web_search,149,137,0,12,0,0
2026-05-15T00:00:00.000Z,2026-05-16T00:00:00.000Z,input_cache_write,97,97,0,0,0,0
2026-05-15T00:00:00.000Z,2026-05-16T00:00:00.000Z,input_cache_write_1h,0,0,0,0,0,0
2026-05-16T00:00:00.000Z,2026-05-17T00:00:00.000Z,web_search,137,137,0,0,0,0
2026-05-16T00:00:00.000Z,2026-05-17T00:00:00.000Z,input_cache_write,97,97,0,0,0,0
2026-05-16T00:00:00.000Z,2026-05-17T00:00:00.000Z,input_cache_write_1h,0,0,0,0,0,0
2026-05-17T00:00:00.000Z,2026-05-18T00:00:00.000Z,web_search,137,137,0,0,0,0
2026-05-17T00:00:00.000Z,2026-05-18T00:00:00.000Z,input_cache_write,97,97,0,0,0,0
2026-05-17T00:00:00.000Z,2026-05-18T00:00:00.000Z,input_cache_write_1h,0,0,0,0,0,0
2026-05-18T00:00:00.000Z,2026-05-19T00:00:00.000Z,web_search,137,137,0,0,0,0
2026-05-18T00:00:00.000Z,2026-05-19T00:00:00.000Z,input_cache_write,97,97,0,0,0,0
2026-05-18T00:00:00.000Z,2026-05-19T00:00:00.000Z,input_cache_write_1h,0,0,0,0,0,0
2026-05-19T00:00:00.000Z,2026-05-20T00:00:00.000Z,web_search,137,139,2,0,0,0
2026-05-19T00:00:00.000Z,2026-05-20T00:00:00.000Z,input_cache_write,97,99,2,0,0,0
2026-05-19T00:00:00.000Z,2026-05-20T00:00:00.000Z,input_cache_write_1h,0,0,0,0,0,0
2026-05-20T00:00:00.000Z,2026-05-21T00:00:00.000Z,web_search,139,169,1,0,29,0
2026-05-20T00:00:00.000Z,2026-05-21T00:00:00.000Z,input_cache_write,99,99,0,0,0,0
2026-05-20T00:00:00.000Z,2026-05-21T00:00:00.000Z,input_cache_write_1h,0,0,0,0,0,0
2026-05-21T00:00:00.000Z,2026-05-22T00:00:00.000Z,web_search,169,169,0,0,0,0
2026-05-21T00:00:00.000Z,2026-05-22T00:00:00.000Z,input_cache_write,99,100,1,0,0,0
2026-05-21T00:00:00.000Z,2026-05-22T00:00:00.000Z,input_cache_write_1h,0,0,0,0,0,0
2026-05-22T00:00:00.000Z,2026-05-23T00:00:00.000Z,web_search,169,169,0,0,0,0
2026-05-22T00:00:00.000Z,2026-05-23T00:00:00.000Z,input_cache_write,100,100,0,0,0,0
2026-05-22T00:00:00.000Z,2026-05-23T00:00:00.000Z,input_cache_write_1h,0,0,0,0,0,0
2026-05-23T00:00:00.000Z,2026-05-24T00:00:00.000Z,web_search,169,169,0,0,0,0
2026-05-23T00:00:00.000Z,2026-05-24T00:00:00.000Z,input_cache_write,100,100,0,0,0,0
2026-05-23T00:00:00.000Z,2026-05-24T00:00:00.000Z,input_cache_write_1h,0,0,0,0,0,0
2026-05-24T00:00:00.000Z,2026-05-25T00:00:00.000Z,web_search,169,169,0,0,0,0
2026-05-24T00:00:00.000Z,2026-05-25T00:00:00.000Z,input_cache_write,100,100,0,0,0,0
2026-05-24T00:00:00.000Z,2026-05-25T00:00:00.000Z,input_cache_write_1h,0,0,0,0,0,0
2026-05-25T00:00:00.000Z,2026-05-26T00:00:00.000Z,web_search,169,169,0,0,0,0
2026-05-25T00:00:00.000Z,2026-05-26T00:00:00.000Z,input_cache_write,100,100,0,0,0,0
2026-05-25T00:00:00.000Z,2026-05-26T00:00:00.000Z,input_cache_write_1h,0,0,0,0,0,0
2026-05-26T00:00:00.000Z,2026-05-27T00:00:00.000Z,web_search,169,169,0,0,0,0
2026-05-26T00:00:00.000Z,2026-05-27T00:00:00.000Z,input_cache_write,100,97,0,1,1,3
2026-05-26T00:00:00.000Z,2026-05-27T00:00:00.000Z,input_cache_write_1h,0,0,0,0,0,0
2026-05-27T00:00:00.000Z,2026-05-28T00:00:00.000Z,web_search,169,169,0,0,0,0
2026-05-27T00:00:00.000Z,2026-05-28T00:00:00.000Z,input_cache_write,97,97,0,0,0,0
2026-05-27T00:00:00.000Z,2026-05-28T00:00:00.000Z,input_cache_write_1h,0,0,0,0,0,0
2026-05-28T00:00:00.000Z,2026-05-29T00:00:00.000Z,web_search,169,176,7,0,0,0
2026-05-28T00:00:00.000Z,2026-05-29T00:00:00.000Z,input_cache_write,97,104,7,0,0,0
2026-05-28T00:00:00.000Z,2026-05-29T00:00:00.000Z,input_cache_write_1h,0,0,0,0,0,0
2026-05-29T00:00:00.000Z,2026-05-30T00:00:00.000Z,web_search,176,176,0,0,0,0
2026-05-29T00:00:00.000Z,2026-05-30T00:00:00.000Z,input_cache_write,104,104,0,0,0,0
2026-05-29T00:00:00.000Z,2026-05-30T00:00:00.000Z,input_cache_write_1h,0,0,0,0,0,0
2026-05-30T00:00:00.000Z,2026-05-31T00:00:00.000Z,web_search,176,177,1,0,0,0
2026-05-30T00:00:00.000Z,2026-05-31T00:00:00.000Z,input_cache_write,104,105,1,0,0,0
2026-05-30T00:00:00.000Z,2026-05-31T00:00:00.000Z,input_cache_write_1h,0,0,0,0,0,0
2026-05-31T00:00:00.000Z,2026-06-01T00:00:00.000Z,web_search,177,176,0,1,0,0
2026-05-31T00:00:00.000Z,2026-06-01T00:00:00.000Z,input_cache_write,105,104,0,1,0,0
2026-05-31T00:00:00.000Z,2026-06-01T00:00:00.000Z,input_cache_write_1h,0,0,0,0,0,0
2026-06-01T00:00:00.000Z,2026-06-02T00:00:00.000Z,web_search,176,172,0,4,0,0
2026-06-01T00:00:00.000Z,2026-06-02T00:00:00.000Z,input_cache_write,104,102,0,2,0,0
2026-06-01T00:00:00.000Z,2026-06-02T00:00:00.000Z,input_cache_write_1h,0,0,0,0,0,0
2026-06-02T00:00:00.000Z,2026-06-03T00:00:00.000Z,web_search,172,172,1,1,0,0
2026-06-02T00:00:00.000Z,2026-06-03T00:00:00.000Z,input_cache_write,102,101,0,1,0,0
2026-06-02T00:00:00.000Z,2026-06-03T00:00:00.000Z,input_cache_write_1h,0,0,0,0,0,0
2026-06-03T00:00:00.000Z,2026-06-04T00:00:00.000Z,web_search,172,172,0,0,0,0
2026-06-03T00:00:00.000Z,2026-06-04T00:00:00.000Z,input_cache_write,101,102,1,0,0,0
2026-06-03T00:00:00.000Z,2026-06-04T00:00:00.000Z,input_cache_write_1h,0,0,0,0,0,0
2026-06-04T00:00:00.000Z,2026-06-05T00:00:00.000Z,web_search,172,172,0,0,0,0
2026-06-04T00:00:00.000Z,2026-06-05T00:00:00.000Z,input_cache_write,102,102,0,0,0,0
2026-06-04T00:00:00.000Z,2026-06-05T00:00:00.000Z,input_cache_write_1h,0,0,0,0,0,0
2026-06-05T00:00:00.000Z,2026-06-06T00:00:00.000Z,web_search,172,172,0,0,0,0
2026-06-05T00:00:00.000Z,2026-06-06T00:00:00.000Z,input_cache_write,102,102,0,0,0,0
2026-06-05T00:00:00.000Z,2026-06-06T00:00:00.000Z,input_cache_write_1h,0,0,0,0,0,0
2026-06-06T00:00:00.000Z,2026-06-07T00:00:00.000Z,web_search,172,171,0,1,0,0
2026-06-06T00:00:00.000Z,2026-06-07T00:00:00.000Z,input_cache_write,102,102,0,0,0,0
2026-06-06T00:00:00.000Z,2026-06-07T00:00:00.000Z,input_cache_write_1h,0,0,0,0,0,0
2026-06-07T00:00:00.000Z,2026-06-08T00:00:00.000Z,web_search,171,171,0,0,0,0
2026-06-07T00:00:00.000Z,2026-06-08T00:00:00.000Z,input_cache_write,102,102,0,0,0,0
2026-06-07T00:00:00.000Z,2026-06-08T00:00:00.000Z,input_cache_write_1h,0,0,0,0,0,0
2026-06-08T00:00:00.000Z,2026-06-09T00:00:00.000Z,web_search,171,171,0,0,0,0
2026-06-08T00:00:00.000Z,2026-06-09T00:00:00.000Z,input_cache_write,102,102,0,0,0,0
2026-06-08T00:00:00.000Z,2026-06-09T00:00:00.000Z,input_cache_write_1h,0,0,0,0,0,0
2026-06-09T00:00:00.000Z,2026-06-10T00:00:00.000Z,web_search,171,174,2,0,1,0
2026-06-09T00:00:00.000Z,2026-06-10T00:00:00.000Z,input_cache_write,102,104,2,0,0,0
2026-06-09T00:00:00.000Z,2026-06-10T00:00:00.000Z,input_cache_write_1h,0,0,0,0,0,0
2026-06-10T00:00:00.000Z,2026-06-11T00:00:00.000Z,web_search,174,177,3,0,0,0
2026-06-10T00:00:00.000Z,2026-06-11T00:00:00.000Z,input_cache_write,104,107,3,0,0,0
2026-06-10T00:00:00.000Z,2026-06-11T00:00:00.000Z,input_cache_write_1h,0,0,0,0,0,0
2026-06-11T00:00:00.000Z,2026-06-12T00:00:00.000Z,web_search,177,177,0,0,0,0
2026-06-11T00:00:00.000Z,2026-06-12T00:00:00.000Z,input_cache_write,107,107,0,0,0,0
2026-06-11T00:00:00.000Z,2026-06-12T00:00:00.000Z,input_cache_write_1h,0,0,0,0,0,0
2026-06-12T00:00:00.000Z,2026-06-13T00:00:00.000Z,web_search,177,177,0,0,0,0
2026-06-12T00:00:00.000Z,2026-06-13T00:00:00.000Z,input_cache_write,107,107,0,0,0,0
2026-06-12T00:00:00.000Z,2026-06-13T00:00:00.000Z,input_cache_write_1h,0,0,0,0,0,0
2026-06-13T00:00:00.000Z,2026-06-14T00:00:00.000Z,web_search,177,177,0,0,0,0
2026-06-13T00:00:00.000Z,2026-06-14T00:00:00.000Z,input_cache_write,107,107,0,0,0,0
2026-06-13T00:00:00.000Z,2026-06-14T00:00:00.000Z,input_cache_write_1h,0,0,0,0,0,0
2026-06-14T00:00:00.000Z,2026-06-15T00:00:00.000Z,web_search,177,177,0,0,0,0
2026-06-14T00:00:00.000Z,2026-06-15T00:00:00.000Z,input_cache_write,107,107,0,0,0,0
2026-06-14T00:00:00.000Z,2026-06-15T00:00:00.000Z,input_cache_write_1h,0,0,0,0,0,0
2026-06-15T00:00:00.000Z,2026-06-16T00:00:00.000Z,web_search,177,175,0,2,0,0
2026-06-15T00:00:00.000Z,2026-06-16T00:00:00.000Z,input_cache_write,107,105,0,2,0,0
2026-06-15T00:00:00.000Z,2026-06-16T00:00:00.000Z,input_cache_write_1h,0,0,0,0,0,0
2026-06-16T00:00:00.000Z,2026-06-17T00:00:00.000Z,web_search,175,175,0,0,0,0
2026-06-16T00:00:00.000Z,2026-06-17T00:00:00.000Z,input_cache_write,105,105,0,0,0,0
2026-06-16T00:00:00.000Z,2026-06-17T00:00:00.000Z,input_cache_write_1h,0,0,0,0,0,0
2026-06-17T00:00:00.000Z,2026-06-18T00:00:00.000Z,web_search,175,175,0,0,0,0
2026-06-17T00:00:00.000Z,2026-06-18T00:00:00.000Z,input_cache_write,105,105,0,0,0,0
2026-06-17T00:00:00.000Z,2026-06-18T00:00:00.000Z,input_cache_write_1h,0,0,0,0,0,0
2026-06-18T00:00:00.000Z,2026-06-19T00:00:00.000Z,web_search,175,179,4,0,0,0
2026-06-18T00:00:00.000Z,2026-06-19T00:00:00.000Z,input_cache_write,105,107,2,0,0,0
2026-06-18T00:00:00.000Z,2026-06-19T00:00:00.000Z,input_cache_write_1h,0,0,0,0,0,0
2026-06-19T00:00:00.000Z,2026-06-20T00:00:00.000Z,web_search,179,179,0,0,0,0
2026-06-19T00:00:00.000Z,2026-06-20T00:00:00.000Z,input_cache_write,107,107,0,0,0,0
2026-06-19T00:00:00.000Z,2026-06-20T00:00:00.000Z,input_cache_write_1h,0,0,0,0,0,0
2026-06-20T00:00:00.000Z,2026-06-21T00:00:00.000Z,web_search,179,178,0,1,0,0
2026-06-20T00:00:00.000Z,2026-06-21T00:00:00.000Z,input_cache_write,107,106,0,1,0,0
2026-06-20T00:00:00.000Z,2026-06-21T00:00:00.000Z,input_cache_write_1h,0,0,0,0,0,0
2026-06-21T00:00:00.000Z,2026-06-22T00:00:00.000Z,web_search,178,178,0,0,0,0
2026-06-21T00:00:00.000Z,2026-06-22T00:00:00.000Z,input_cache_write,106,106,0,0,0,0
2026-06-21T00:00:00.000Z,2026-06-22T00:00:00.000Z,input_cache_write_1h,0,0,0,0,0,0
2026-06-22T00:00:00.000Z,2026-06-23T00:00:00.000Z,web_search,178,176,0,2,0,0
2026-06-22T00:00:00.000Z,2026-06-23T00:00:00.000Z,input_cache_write,106,104,0,2,0,0
2026-06-22T00:00:00.000Z,2026-06-23T00:00:00.000Z,input_cache_write_1h,0,0,0,0,0,0
2026-06-23T00:00:00.000Z,2026-06-24T00:00:00.000Z,web_search,176,176,0,0,0,0
2026-06-23T00:00:00.000Z,2026-06-24T00:00:00.000Z,input_cache_write,104,104,0,0,0,0
2026-06-23T00:00:00.000Z,2026-06-24T00:00:00.000Z,input_cache_write_1h,0,0,0,0,0,0
2026-06-24T00:00:00.000Z,2026-06-25T00:00:00.000Z,web_search,176,177,1,0,0,0
2026-06-24T00:00:00.000Z,2026-06-25T00:00:00.000Z,input_cache_write,104,104,0,0,0,0
2026-06-24T00:00:00.000Z,2026-06-25T00:00:00.000Z,input_cache_write_1h,0,0,0,0,0,0
2026-06-25T00:00:00.000Z,2026-06-26T00:00:00.000Z,web_search,177,180,3,0,0,0
2026-06-25T00:00:00.000Z,2026-06-26T00:00:00.000Z,input_cache_write,104,104,0,0,0,0
2026-06-25T00:00:00.000Z,2026-06-26T00:00:00.000Z,input_cache_write_1h,0,0,0,0,0,0
2026-06-26T00:00:00.000Z,2026-06-27T00:00:00.000Z,web_search,180,181,1,0,0,0
2026-06-26T00:00:00.000Z,2026-06-27T00:00:00.000Z,input_cache_write,104,104,0,0,0,0
2026-06-26T00:00:00.000Z,2026-06-27T00:00:00.000Z,input_cache_write_1h,0,56,0,0,56,0
2026-06-27T00:00:00.000Z,2026-06-28T00:00:00.000Z,web_search,181,181,0,0,0,0
2026-06-27T00:00:00.000Z,2026-06-28T00:00:00.000Z,input_cache_write,104,104,0,0,0,0
2026-06-27T00:00:00.000Z,2026-06-28T00:00:00.000Z,input_cache_write_1h,56,56,0,0,0,0
2026-06-28T00:00:00.000Z,2026-06-29T00:00:00.000Z,web_search,181,181,0,0,0,0
2026-06-28T00:00:00.000Z,2026-06-29T00:00:00.000Z,input_cache_write,104,104,0,0,0,0
2026-06-28T00:00:00.000Z,2026-06-29T00:00:00.000Z,input_cache_write_1h,56,56,0,0,0,0
2026-06-29T00:00:00.000Z,2026-06-30T00:00:00.000Z,web_search,181,180,0,1,0,0
2026-06-29T00:00:00.000Z,2026-06-30T00:00:00.000Z,input_cache_write,104,103,0,1,0,0
2026-06-29T00:00:00.000Z,2026-06-30T00:00:00.000Z,input_cache_write_1h,56,55,0,1,0,0
2026-06-30T00:00:00.000Z,2026-07-01T00:00:00.000Z,web_search,180,189,9,0,0,0
2026-06-30T00:00:00.000Z,2026-07-01T00:00:00.000Z,input_cache_write,103,110,7,0,0,0
2026-06-30T00:00:00.000Z,2026-07-01T00:00:00.000Z,input_cache_write_1h,55,62,7,0,0,0
2026-07-01T00:00:00.000Z,2026-07-02T00:00:00.000Z,web_search,189,189,0,0,0,0
2026-07-01T00:00:00.000Z,2026-07-02T00:00:00.000Z,input_cache_write,110,110,0,0,0,0
2026-07-01T00:00:00.000Z,2026-07-02T00:00:00.000Z,input_cache_write_1h,62,62,0,0,0,0
2026-07-02T00:00:00.000Z,2026-07-03T00:00:00.000Z,web_search,189,189,0,0,0,0
2026-07-02T00:00:00.000Z,2026-07-03T00:00:00.000Z,input_cache_write,110,110,0,0,0,0
2026-07-02T00:00:00.000Z,2026-07-03T00:00:00.000Z,input_cache_write_1h,62,62,0,0,0,0
2026-07-03T00:00:00.000Z,2026-07-04T00:00:00.000Z,web_search,189,189,0,0,0,0
2026-07-03T00:00:00.000Z,2026-07-04T00:00:00.000Z,input_cache_write,110,110,0,0,0,0
2026-07-03T00:00:00.000Z,2026-07-04T00:00:00.000Z,input_cache_write_1h,62,62,0,0,0,0
2026-07-04T00:00:00.000Z,2026-07-05T00:00:00.000Z,web_search,189,189,0,0,0,0
2026-07-04T00:00:00.000Z,2026-07-05T00:00:00.000Z,input_cache_write,110,110,0,0,0,0
2026-07-04T00:00:00.000Z,2026-07-05T00:00:00.000Z,input_cache_write_1h,62,62,0,0,0,0
2026-07-05T00:00:00.000Z,2026-07-06T00:00:00.000Z,web_search,189,189,0,0,0,0
2026-07-05T00:00:00.000Z,2026-07-06T00:00:00.000Z,input_cache_write,110,110,0,0,0,0
2026-07-05T00:00:00.000Z,2026-07-06T00:00:00.000Z,input_cache_write_1h,62,62,0,0,0,0
2026-07-06T00:00:00.000Z,2026-07-07T00:00:00.000Z,web_search,189,191,2,0,0,0
2026-07-06T00:00:00.000Z,2026-07-07T00:00:00.000Z,input_cache_write,110,112,2,0,0,0
2026-07-06T00:00:00.000Z,2026-07-07T00:00:00.000Z,input_cache_write_1h,62,63,1,0,0,0
2026-07-07T00:00:00.000Z,2026-07-08T00:00:00.000Z,web_search,191,197,6,0,0,0
2026-07-07T00:00:00.000Z,2026-07-08T00:00:00.000Z,input_cache_write,112,117,5,0,0,0
2026-07-07T00:00:00.000Z,2026-07-08T00:00:00.000Z,input_cache_write_1h,63,68,5,0,0,0
2026-07-08T00:00:00.000Z,2026-07-09T00:00:00.000Z,web_search,197,199,2,0,0,0
2026-07-08T00:00:00.000Z,2026-07-09T00:00:00.000Z,input_cache_write,117,117,0,0,0,0
2026-07-08T00:00:00.000Z,2026-07-09T00:00:00.000Z,input_cache_write_1h,68,68,0,0,0,0
2026-07-09T00:00:00.000Z,2026-07-10T00:00:00.000Z,web_search,199,216,18,1,0,0
2026-07-09T00:00:00.000Z,2026-07-10T00:00:00.000Z,input_cache_write,117,134,18,1,0,0
2026-07-09T00:00:00.000Z,2026-07-10T00:00:00.000Z,input_cache_write_1h,68,68,0,0,0,0
2026-07-10T00:00:00.000Z,2026-07-11T00:00:00.000Z,web_search,216,216,0,0,0,0
2026-07-10T00:00:00.000Z,2026-07-11T00:00:00.000Z,input_cache_write,134,134,0,0,0,0
2026-07-10T00:00:00.000Z,2026-07-11T00:00:00.000Z,input_cache_write_1h,68,68,0,0,0,0
2026-07-11T00:00:00.000Z,2026-07-12T00:00:00.000Z,web_search,216,216,0,0,0,0
2026-07-11T00:00:00.000Z,2026-07-12T00:00:00.000Z,input_cache_write,134,134,0,0,0,0
2026-07-11T00:00:00.000Z,2026-07-12T00:00:00.000Z,input_cache_write_1h,68,68,0,0,0,0
2026-07-12T00:00:00.000Z,2026-07-13T00:00:00.000Z,web_search,216,216,0,0,0,0
2026-07-12T00:00:00.000Z,2026-07-13T00:00:00.000Z,input_cache_write,134,134,0,0,0,0
2026-07-12T00:00:00.000Z,2026-07-13T00:00:00.000Z,input_cache_write_1h,68,68,0,0,0,0
2026-07-13T00:00:00.000Z,2026-07-14T00:00:00.000Z,web_search,216,215,0,1,0,0
2026-07-13T00:00:00.000Z,2026-07-14T00:00:00.000Z,input_cache_write,134,133,0,1,0,0
2026-07-13T00:00:00.000Z,2026-07-14T00:00:00.000Z,input_cache_write_1h,68,68,0,0,0,0
2026-07-14T00:00:00.000Z,2026-07-15T00:00:00.000Z,web_search,215,215,0,0,0,0
2026-07-14T00:00:00.000Z,2026-07-15T00:00:00.000Z,input_cache_write,133,133,0,0,0,0
2026-07-14T00:00:00.000Z,2026-07-15T00:00:00.000Z,input_cache_write_1h,68,68,0,0,0,0
2026-07-15T00:00:00.000Z,2026-07-16T00:00:00.000Z,web_search,215,215,0,0,0,0
2026-07-15T00:00:00.000Z,2026-07-16T00:00:00.000Z,input_cache_write,133,133,0,0,0,0
2026-07-15T00:00:00.000Z,2026-07-16T00:00:00.000Z,input_cache_write_1h,68,68,0,0,0,0
2026-07-16T00:00:00.000Z,2026-07-17T00:00:00.000Z,web_search,215,216,1,0,0,0
2026-07-16T00:00:00.000Z,2026-07-17T00:00:00.000Z,input_cache_write,133,133,0,0,0,0
2026-07-16T00:00:00.000Z,2026-07-17T00:00:00.000Z,input_cache_write_1h,68,68,0,0,0,0
2026-07-17T00:00:00.000Z,2026-07-18T00:00:00.000Z,web_search,216,216,0,0,0,0
2026-07-17T00:00:00.000Z,2026-07-18T00:00:00.000Z,input_cache_write,133,133,0,0,0,0
2026-07-17T00:00:00.000Z,2026-07-18T00:00:00.000Z,input_cache_write_1h,68,68,0,0,0,0
2026-07-18T00:00:00.000Z,2026-07-19T00:00:00.000Z,web_search,216,216,0,0,0,0
2026-07-18T00:00:00.000Z,2026-07-19T00:00:00.000Z,input_cache_write,133,133,0,0,0,0
2026-07-18T00:00:00.000Z,2026-07-19T00:00:00.000Z,input_cache_write_1h,68,68,0,0,0,0
2026-07-19T00:00:00.000Z,2026-07-20T00:00:00.000Z,web_search,216,216,0,0,0,0
2026-07-19T00:00:00.000Z,2026-07-20T00:00:00.000Z,input_cache_write,133,133,0,0,0,0
2026-07-19T00:00:00.000Z,2026-07-20T00:00:00.000Z,input_cache_write_1h,68,68,0,0,0,0
2026-07-20T00:00:00.000Z,2026-07-21T00:00:00.000Z,web_search,216,216,0,0,0,0
2026-07-20T00:00:00.000Z,2026-07-21T00:00:00.000Z,input_cache_write,133,133,0,0,0,0
2026-07-20T00:00:00.000Z,2026-07-21T00:00:00.000Z,input_cache_write_1h,68,68,0,0,0,0
2026-07-21T00:00:00.000Z,2026-07-22T00:00:00.000Z,web_search,216,220,4,0,0,0
2026-07-21T00:00:00.000Z,2026-07-22T00:00:00.000Z,input_cache_write,133,137,4,0,0,0
2026-07-21T00:00:00.000Z,2026-07-22T00:00:00.000Z,input_cache_write_1h,68,68,0,0,0,0
2026-07-22T00:00:00.000Z,2026-07-23T00:00:00.000Z,web_search,220,220,0,0,0,0
2026-07-22T00:00:00.000Z,2026-07-23T00:00:00.000Z,input_cache_write,137,137,0,0,0,0
2026-07-22T00:00:00.000Z,2026-07-23T00:00:00.000Z,input_cache_write_1h,68,68,0,0,0,0
2026-07-23T00:00:00.000Z,2026-07-24T00:00:00.000Z,web_search,220,220,0,0,0,0
2026-07-23T00:00:00.000Z,2026-07-24T00:00:00.000Z,input_cache_write,137,137,0,0,0,0
2026-07-23T00:00:00.000Z,2026-07-24T00:00:00.000Z,input_cache_write_1h,68,68,0,0,0,0
2026-07-24T00:00:00.000Z,2026-07-25T00:00:00.000Z,web_search,220,227,7,0,0,0
2026-07-24T00:00:00.000Z,2026-07-25T00:00:00.000Z,input_cache_write,137,144,7,0,0,0
2026-07-24T00:00:00.000Z,2026-07-25T00:00:00.000Z,input_cache_write_1h,68,75,7,0,0,0
2026-07-25T00:00:00.000Z,2026-07-26T00:00:00.000Z,web_search,227,228,1,0,0,0
2026-07-25T00:00:00.000Z,2026-07-26T00:00:00.000Z,input_cache_write,144,145,1,0,0,0
2026-07-25T00:00:00.000Z,2026-07-26T00:00:00.000Z,input_cache_write_1h,75,76,1,0,0,0
2026-07-26T00:00:00.000Z,2026-07-27T00:00:00.000Z,web_search,228,228,0,0,0,0
2026-07-26T00:00:00.000Z,2026-07-27T00:00:00.000Z,input_cache_write,145,145,0,0,0,0
2026-07-26T00:00:00.000Z,2026-07-27T00:00:00.000Z,input_cache_write_1h,76,76,0,0,0,0
2026-07-27T00:00:00.000Z,2026-07-28T00:00:00.000Z,web_search,228,222,0,6,0,0
2026-07-27T00:00:00.000Z,2026-07-28T00:00:00.000Z,input_cache_write,145,144,0,1,0,0
2026-07-27T00:00:00.000Z,2026-07-28T00:00:00.000Z,input_cache_write_1h,76,76,0,0,0,0
2026-07-28T00:00:00.000Z,2026-07-29T00:00:00.000Z,web_search,222,247,27,2,0,0
2026-07-28T00:00:00.000Z,2026-07-29T00:00:00.000Z,input_cache_write,144,155,11,0,0,0
2026-07-28T00:00:00.000Z,2026-07-29T00:00:00.000Z,input_cache_write_1h,76,91,9,0,6,0
2026-07-29T00:00:00.000Z,2026-07-30T00:00:00.000Z,web_search,247,247,0,0,0,0
2026-07-29T00:00:00.000Z,2026-07-30T00:00:00.000Z,input_cache_write,155,155,0,0,0,0
2026-07-29T00:00:00.000Z,2026-07-30T00:00:00.000Z,input_cache_write_1h,91,91,0,0,0,0
2026-07-30T00:00:00.000Z,2026-07-31T00:00:00.000Z,web_search,247,247,5,5,0,0
2026-07-30T00:00:00.000Z,2026-07-31T00:00:00.000Z,input_cache_write,155,158,3,0,0,0
2026-07-30T00:00:00.000Z,2026-07-31T00:00:00.000Z,input_cache_write_1h,91,91,0,0,0,0
2026-07-31T00:00:00.000Z,2026-08-01T00:00:00.000Z,web_search,247,219,0,28,0,0
2026-07-31T00:00:00.000Z,2026-08-01T00:00:00.000Z,input_cache_write,158,148,0,10,0,0
2026-07-31T00:00:00.000Z,2026-08-01T00:00:00.000Z,input_cache_write_1h,91,82,0,9,0,0
2026-08-01T00:00:00.000Z,2026-08-02T00:00:00.000Z,web_search,219,219,0,0,0,0
2026-08-01T00:00:00.000Z,2026-08-02T00:00:00.000Z,input_cache_write,148,148,0,0,0,0
2026-08-01T00:00:00.000Z,2026-08-02T00:00:00.000Z,input_cache_write_1h,82,82,0,0,0,0
2026-08-02T00:00:00.000Z,2026-08-03T00:00:00.000Z,web_search,219,219,0,0,0,0
2026-08-02T00:00:00.000Z,2026-08-03T00:00:00.000Z,input_cache_write,148,148,0,0,0,0
2026-08-02T00:00:00.000Z,2026-08-03T00:00:00.000Z,input_cache_write_1h,82,82,0,0,0,0
2026-08-03T00:00:00.000Z,2026-08-04T00:00:00.000Z,web_search,219,219,0,0,0,0
2026-08-03T00:00:00.000Z,2026-08-04T00:00:00.000Z,input_cache_write,148,149,1,0,0,0
2026-08-03T00:00:00.000Z,2026-08-04T00:00:00.000Z,input_cache_write_1h,82,82,0,0,0,0
2026-08-04T00:00:00.000Z,2026-08-05T00:00:00.000Z,web_search,219,219,1,1,0,0
2026-08-04T00:00:00.000Z,2026-08-05T00:00:00.000Z,input_cache_write,149,149,1,1,0,0
2026-08-04T00:00:00.000Z,2026-08-05T00:00:00.000Z,input_cache_write_1h,82,82,1,1,0,0
2026-08-05T00:00:00.000Z,2026-08-06T00:00:00.000Z,web_search,219,225,6,0,0,0
2026-08-05T00:00:00.000Z,2026-08-06T00:00:00.000Z,input_cache_write,149,154,5,0,0,0
2026-08-05T00:00:00.000Z,2026-08-06T00:00:00.000Z,input_cache_write_1h,82,87,5,0,0,0
2026-08-06T00:00:00.000Z,2026-08-07T00:00:00.000Z,web_search,225,278,55,2,0,0
2026-08-06T00:00:00.000Z,2026-08-07T00:00:00.000Z,input_cache_write,154,164,12,2,0,0
2026-08-06T00:00:00.000Z,2026-08-07T00:00:00.000Z,input_cache_write_1h,87,96,11,2,0,0
2026-08-07T00:00:00.000Z,2026-08-08T00:00:00.000Z,web_search,278,277,0,1,0,0
2026-08-07T00:00:00.000Z,2026-08-08T00:00:00.000Z,input_cache_write,164,164,0,0,0,0
2026-08-07T00:00:00.000Z,2026-08-08T00:00:00.000Z,input_cache_write_1h,96,96,0,0,0,0
2026-08-08T00:00:00.000Z,2026-08-09T00:00:00.000Z,web_search,277,280,3,0,0,0
2026-08-08T00:00:00.000Z,2026-08-09T00:00:00.000Z,input_cache_write,164,167,3,0,0,0
2026-08-08T00:00:00.000Z,2026-08-09T00:00:00.000Z,input_cache_write_1h,96,96,0,0,0,0
2026-08-09T00:00:00.000Z,2026-08-10T00:00:00.000Z,web_search,280,280,0,0,0,0
2026-08-09T00:00:00.000Z,2026-08-10T00:00:00.000Z,input_cache_write,167,167,0,0,0,0
2026-08-09T00:00:00.000Z,2026-08-10T00:00:00.000Z,input_cache_write_1h,96,96,0,0,0,0
2026-08-10T00:00:00.000Z,2026-08-11T00:00:00.000Z,web_search,280,278,0,2,0,0
2026-08-10T00:00:00.000Z,2026-08-11T00:00:00.000Z,input_cache_write,167,167,0,0,0,0
2026-08-10T00:00:00.000Z,2026-08-11T00:00:00.000Z,input_cache_write_1h,96,96,0,0,0,0
2026-08-11T00:00:00.000Z,2026-08-12T00:00:00.000Z,web_search,278,280,2,0,0,0
2026-08-11T00:00:00.000Z,2026-08-12T00:00:00.000Z,input_cache_write,167,168,1,0,0,0
2026-08-11T00:00:00.000Z,2026-08-12T00:00:00.000Z,input_cache_write_1h,96,96,0,0,0,0
2026-08-12T00:00:00.000Z,2026-08-13T00:00:00.000Z,web_search,280,283,3,0,0,0
2026-08-12T00:00:00.000Z,2026-08-13T00:00:00.000Z,input_cache_write,168,169,1,0,0,0
2026-08-12T00:00:00.000Z,2026-08-13T00:00:00.000Z,input_cache_write_1h,96,97,1,0,0,0
2026-08-13T00:00:00.000Z,2026-08-14T00:00:00.000Z,web_search,283,289,6,0,0,0
2026-08-13T00:00:00.000Z,2026-08-14T00:00:00.000Z,input_cache_write,169,176,7,0,0,0
2026-08-13T00:00:00.000Z,2026-08-14T00:00:00.000Z,input_cache_write_1h,97,100,3,0,0,0
2026-08-14T00:00:00.000Z,2026-08-15T00:00:00.000Z,web_search,289,299,10,0,0,0
2026-08-14T00:00:00.000Z,2026-08-15T00:00:00.000Z,input_cache_write,176,182,6,0,0,0
2026-08-14T00:00:00.000Z,2026-08-15T00:00:00.000Z,input_cache_write_1h,100,103,3,0,0,0
2026-08-15T00:00:00.000Z,2026-08-16T00:00:00.000Z,web_search,299,299,0,0,0,0
2026-08-15T00:00:00.000Z,2026-08-16T00:00:00.000Z,input_cache_write,182,181,0,0,0,1
2026-08-15T00:00:00.000Z,2026-08-16T00:00:00.000Z,input_cache_write_1h,103,103,0,0,0,0
2026-08-16T00:00:00.000Z,2026-08-17T00:00:00.000Z,web_search,299,299,0,0,0,0
2026-08-16T00:00:00.000Z,2026-08-17T00:00:00.000Z,input_cache_write,181,181,0,0,0,0
2026-08-16T00:00:00.000Z,2026-08-17T00:00:00.000Z,input_cache_write_1h,103,103,0,0,0,0
2026-08-17T00:00:00.000Z,2026-08-18T00:00:00.000Z,web_search,299,297,3,5,0,0
2026-08-17T00:00:00.000Z,2026-08-18T00:00:00.000Z,input_cache_write,181,179,3,5,0,0
2026-08-17T00:00:00.000Z,2026-08-18T00:00:00.000Z,input_cache_write_1h,103,101,3,5,0,0
2026-08-18T00:00:00.000Z,2026-08-19T00:00:00.000Z,web_search,297,297,5,5,0,0
2026-08-18T00:00:00.000Z,2026-08-19T00:00:00.000Z,input_cache_write,179,179,5,5,0,0
2026-08-18T00:00:00.000Z,2026-08-19T00:00:00.000Z,input_cache_write_1h,101,101,5,5,0,0
2026-08-19T00:00:00.000Z,2026-08-20T00:00:00.000Z,web_search,297,297,0,0,0,0
2026-08-19T00:00:00.000Z,2026-08-20T00:00:00.000Z,input_cache_write,179,180,1,0,0,0
2026-08-19T00:00:00.000Z,2026-08-20T00:00:00.000Z,input_cache_write_1h,101,101,0,0,0,0
2026-08-20T00:00:00.000Z,2026-08-21T00:00:00.000Z,web_search,297,297,0,0,0,0
2026-08-20T00:00:00.000Z,2026-08-21T00:00:00.000Z,input_cache_write,180,180,0,0,0,0
2026-08-20T00:00:00.000Z,2026-08-21T00:00:00.000Z,input_cache_write_1h,101,101,0,0,0,0
2026-08-21T00:00:00.000Z,2026-08-22T00:00:00.000Z,web_search,297,298,1,0,0,0
2026-08-21T00:00:00.000Z,2026-08-22T00:00:00.000Z,input_cache_write,180,182,0,0,2,0
2026-08-21T00:00:00.000Z,2026-08-22T00:00:00.000Z,input_cache_write_1h,101,101,0,0,0,0
2026-08-22T00:00:00.000Z,2026-08-23T00:00:00.000Z,web_search,298,298,0,0,0,0
2026-08-22T00:00:00.000Z,2026-08-23T00:00:00.000Z,input_cache_write,182,182,0,0,0,0
2026-08-22T00:00:00.000Z,2026-08-23T00:00:00.000Z,input_cache_write_1h,101,101,0,0,0,0
2026-08-23T00:00:00.000Z,2026-08-24T00:00:00.000Z,web_search,298,298,0,0,0,0
2026-08-23T00:00:00.000Z,2026-08-24T00:00:00.000Z,input_cache_write,182,182,0,0,0,0
2026-08-23T00:00:00.000Z,2026-08-24T00:00:00.000Z,input_cache_write_1h,101,101,0,0,0,0
2026-08-24T00:00:00.000Z,2026-08-25T00:00:00.000Z,web_search,298,304,6,0,0,0
2026-08-24T00:00:00.000Z,2026-08-25T00:00:00.000Z,input_cache_write,182,182,0,0,0,0
2026-08-24T00:00:00.000Z,2026-08-25T00:00:00.000Z,input_cache_write_1h,101,101,0,0,0,0
2026-08-25T00:00:00.000Z,2026-08-26T00:00:00.000Z,web_search,304,314,10,0,0,0
2026-08-25T00:00:00.000Z,2026-08-26T00:00:00.000Z,input_cache_write,182,182,0,0,0,0
2026-08-25T00:00:00.000Z,2026-08-26T00:00:00.000Z,input_cache_write_1h,101,101,0,0,0,0
2026-08-26T00:00:00.000Z,2026-08-27T00:00:00.000Z,web_search,314,317,3,0,0,0
2026-08-26T00:00:00.000Z,2026-08-27T00:00:00.000Z,input_cache_write,182,185,3,0,0,0
2026-08-26T00:00:00.000Z,2026-08-27T00:00:00.000Z,input_cache_write_1h,101,101,0,0,0,0
2026-08-27T00:00:00.000Z,2026-08-28T00:00:00.000Z,web_search,317,317,0,0,0,0
2026-08-27T00:00:00.000Z,2026-08-28T00:00:00.000Z,input_cache_write,185,185,0,0,0,0
2026-08-27T00:00:00.000Z,2026-08-28T00:00:00.000Z,input_cache_write_1h,101,101,0,0,0,0
2026-08-28T00:00:00.000Z,2026-08-29T00:00:00.000Z,web_search,317,282,0,35,0,0
2026-08-28T00:00:00.000Z,2026-08-29T00:00:00.000Z,input_cache_write,185,183,0,2,0,0
2026-08-28T00:00:00.000Z,2026-08-29T00:00:00.000Z,input_cache_write_1h,101,101,0,0,0,0
2026-08-29T00:00:00.000Z,2026-08-30T00:00:00.000Z,web_search,282,286,4,0,0,0
2026-08-29T00:00:00.000Z,2026-08-30T00:00:00.000Z,input_cache_write,183,187,4,0,0,0
2026-08-29T00:00:00.000Z,2026-08-30T00:00:00.000Z,input_cache_write_1h,101,101,0,0,0,0
2026-08-30T00:00:00.000Z,2026-08-31T00:00:00.000Z,web_search,286,294,8,0,0,0
2026-08-30T00:00:00.000Z,2026-08-31T00:00:00.000Z,input_cache_write,187,195,8,0,0,0
2026-08-30T00:00:00.000Z,2026-08-31T00:00:00.000Z,input_cache_write_1h,101,101,0,0,0,0
2026-08-31T00:00:00.000Z,2026-09-01T00:00:00.000Z,web_search,294,376,82,0,0,0
2026-08-31T00:00:00.000Z,2026-09-01T00:00:00.000Z,input_cache_write,195,238,43,0,0,0
2026-08-31T00:00:00.000Z,2026-09-01T00:00:00.000Z,input_cache_write_1h,101,101,0,0,0,0
2026-09-01T00:00:00.000Z,2026-09-02T00:00:00.000Z,web_search,376,379,6,3,0,0
2026-09-01T00:00:00.000Z,2026-09-02T00:00:00.000Z,input_cache_write,238,241,6,3,0,0
2026-09-01T00:00:00.000Z,2026-09-02T00:00:00.000Z,input_cache_write_1h,101,104,6,3,0,0
2026-09-02T00:00:00.000Z,2026-09-03T00:00:00.000Z,web_search,379,389,10,0,0,0
2026-09-02T00:00:00.000Z,2026-09-03T00:00:00.000Z,input_cache_write,241,249,8,0,0,0
2026-09-02T00:00:00.000Z,2026-09-03T00:00:00.000Z,input_cache_write_1h,104,105,1,0,0,0
2026-09-03T00:00:00.000Z,2026-09-04T00:00:00.000Z,web_search,389,389,0,0,0,0
2026-09-03T00:00:00.000Z,2026-09-04T00:00:00.000Z,input_cache_write,249,249,0,0,0,0
2026-09-03T00:00:00.000Z,2026-09-04T00:00:00.000Z,input_cache_write_1h,105,105,0,0,0,0
2026-09-04T00:00:00.000Z,2026-09-05T00:00:00.000Z,web_search,389,402,13,0,0,0
2026-09-04T00:00:00.000Z,2026-09-05T00:00:00.000Z,input_cache_write,249,261,12,0,0,0
2026-09-04T00:00:00.000Z,2026-09-05T00:00:00.000Z,input_cache_write_1h,105,105,0,0,0,0
2026-09-05T00:00:00.000Z,2026-09-06T00:00:00.000Z,web_search,402,402,0,0,0,0
2026-09-05T00:00:00.000Z,2026-09-06T00:00:00.000Z,input_cache_write,261,261,1,1,0,0
2026-09-05T00:00:00.000Z,2026-09-06T00:00:00.000Z,input_cache_write_1h,105,105,0,0,0,0
2026-09-06T00:00:00.000Z,2026-09-07T00:00:00.000Z,web_search,402,402,0,0,0,0
2026-09-06T00:00:00.000Z,2026-09-07T00:00:00.000Z,input_cache_write,261,261,0,0,0,0
2026-09-06T00:00:00.000Z,2026-09-07T00:00:00.000Z,input_cache_write_1h,105,105,0,0,0,0
2026-09-07T00:00:00.000Z,2026-09-08T00:00:00.000Z,web_search,402,402,0,0,0,0
2026-09-07T00:00:00.000Z,2026-09-08T00:00:00.000Z,input_cache_write,261,261,0,0,0,0
2026-09-07T00:00:00.000Z,2026-09-08T00:00:00.000Z,input_cache_write_1h,105,105,0,0,0,0
2026-09-08T00:00:00.000Z,2026-09-08T19:40:04.163Z,web_search,402,402,0,0,0,0
2026-09-08T00:00:00.000Z,2026-09-08T19:40:04.163Z,input_cache_write,261,261,0,0,0,0
2026-09-08T00:00:00.000Z,2026-09-08T19:40:04.163Z,input_cache_write_1h,105,105,0,0,0,0
