at,variant,endpoints,cache_metered,cache_percent
2025-08-13T20:19:21.211Z,beta,1,1,100.0
2025-08-13T20:19:21.211Z,extended,1,0,0.0
2025-08-13T20:19:21.211Z,free,68,0,0.0
2025-08-13T20:19:21.211Z,standard,661,92,13.918305597579424
2025-08-13T20:19:21.211Z,thinking,3,2,66.66666666666667
2025-08-14T00:00:00.000Z,beta,1,1,100.0
2025-08-14T00:00:00.000Z,extended,1,0,0.0
2025-08-14T00:00:00.000Z,free,68,0,0.0
2025-08-14T00:00:00.000Z,standard,662,92,13.897280966767372
2025-08-14T00:00:00.000Z,thinking,3,2,66.66666666666667
2025-08-15T00:00:00.000Z,beta,1,1,100.0
2025-08-15T00:00:00.000Z,extended,1,0,0.0
2025-08-15T00:00:00.000Z,free,68,0,0.0
2025-08-15T00:00:00.000Z,standard,665,92,13.834586466165414
2025-08-15T00:00:00.000Z,thinking,3,2,66.66666666666667
2025-08-16T00:00:00.000Z,beta,1,1,100.0
2025-08-16T00:00:00.000Z,extended,1,0,0.0
2025-08-16T00:00:00.000Z,free,68,0,0.0
2025-08-16T00:00:00.000Z,standard,664,92,13.855421686746988
2025-08-16T00:00:00.000Z,thinking,3,2,66.66666666666667
2025-08-17T00:00:00.000Z,beta,1,1,100.0
2025-08-17T00:00:00.000Z,extended,1,0,0.0
2025-08-17T00:00:00.000Z,free,68,0,0.0
2025-08-17T00:00:00.000Z,standard,664,92,13.855421686746988
2025-08-17T00:00:00.000Z,thinking,3,2,66.66666666666667
2025-08-18T00:00:00.000Z,beta,1,1,100.0
2025-08-18T00:00:00.000Z,extended,1,0,0.0
2025-08-18T00:00:00.000Z,free,68,0,0.0
2025-08-18T00:00:00.000Z,standard,665,92,13.834586466165414
2025-08-18T00:00:00.000Z,thinking,3,2,66.66666666666667
2025-08-19T00:00:00.000Z,extended,1,0,0.0
2025-08-19T00:00:00.000Z,free,68,0,0.0
2025-08-19T00:00:00.000Z,standard,666,92,13.813813813813814
2025-08-19T00:00:00.000Z,thinking,3,2,66.66666666666667
2025-08-20T00:00:00.000Z,extended,1,0,0.0
2025-08-20T00:00:00.000Z,free,67,0,0.0
2025-08-20T00:00:00.000Z,standard,666,92,13.813813813813814
2025-08-20T00:00:00.000Z,thinking,3,2,66.66666666666667
2025-08-21T00:00:00.000Z,extended,1,0,0.0
2025-08-21T00:00:00.000Z,free,67,0,0.0
2025-08-21T00:00:00.000Z,standard,657,92,14.003044140030442
2025-08-21T00:00:00.000Z,thinking,3,2,66.66666666666667
2025-08-22T00:00:00.000Z,extended,1,0,0.0
2025-08-22T00:00:00.000Z,free,67,0,0.0
2025-08-22T00:00:00.000Z,standard,664,93,14.006024096385541
2025-08-22T00:00:00.000Z,thinking,3,2,66.66666666666667
2025-08-23T00:00:00.000Z,extended,1,0,0.0
2025-08-23T00:00:00.000Z,free,67,0,0.0
2025-08-23T00:00:00.000Z,standard,664,93,14.006024096385541
2025-08-23T00:00:00.000Z,thinking,3,2,66.66666666666667
2025-08-24T00:00:00.000Z,extended,1,0,0.0
2025-08-24T00:00:00.000Z,free,67,0,0.0
2025-08-24T00:00:00.000Z,standard,664,93,14.006024096385541
2025-08-24T00:00:00.000Z,thinking,3,2,66.66666666666667
2025-08-25T00:00:00.000Z,extended,1,0,0.0
2025-08-25T00:00:00.000Z,free,66,0,0.0
2025-08-25T00:00:00.000Z,standard,664,93,14.006024096385541
2025-08-25T00:00:00.000Z,thinking,3,2,66.66666666666667
2025-08-26T00:00:00.000Z,extended,1,0,0.0
2025-08-26T00:00:00.000Z,free,70,0,0.0
2025-08-26T00:00:00.000Z,standard,667,93,13.943028485757122
2025-08-26T00:00:00.000Z,thinking,3,2,66.66666666666667
2025-08-27T00:00:00.000Z,extended,1,0,0.0
2025-08-27T00:00:00.000Z,free,70,0,0.0
2025-08-27T00:00:00.000Z,standard,672,94,13.988095238095237
2025-08-27T00:00:00.000Z,thinking,3,2,66.66666666666667
2025-08-28T00:00:00.000Z,extended,1,0,0.0
2025-08-28T00:00:00.000Z,free,70,0,0.0
2025-08-28T00:00:00.000Z,standard,677,94,13.884785819793205
2025-08-28T00:00:00.000Z,thinking,3,2,66.66666666666667
2025-08-29T00:00:00.000Z,extended,1,0,0.0
2025-08-29T00:00:00.000Z,free,70,0,0.0
2025-08-29T00:00:00.000Z,standard,686,94,13.70262390670554
2025-08-29T00:00:00.000Z,thinking,3,2,66.66666666666667
2025-08-30T00:00:00.000Z,extended,1,0,0.0
2025-08-30T00:00:00.000Z,free,71,0,0.0
2025-08-30T00:00:00.000Z,standard,685,94,13.722627737226277
2025-08-30T00:00:00.000Z,thinking,3,2,66.66666666666667
2025-08-31T00:00:00.000Z,extended,1,0,0.0
2025-08-31T00:00:00.000Z,free,71,0,0.0
2025-08-31T00:00:00.000Z,standard,693,94,13.564213564213564
2025-08-31T00:00:00.000Z,thinking,3,2,66.66666666666667
2025-09-01T00:00:00.000Z,extended,1,0,0.0
2025-09-01T00:00:00.000Z,free,71,0,0.0
2025-09-01T00:00:00.000Z,standard,691,94,13.603473227206946
2025-09-01T00:00:00.000Z,thinking,3,2,66.66666666666667
2025-09-02T00:00:00.000Z,extended,1,0,0.0
2025-09-02T00:00:00.000Z,free,71,0,0.0
2025-09-02T00:00:00.000Z,standard,691,94,13.603473227206946
2025-09-02T00:00:00.000Z,thinking,3,2,66.66666666666667
2025-09-03T00:00:00.000Z,extended,1,0,0.0
2025-09-03T00:00:00.000Z,free,70,0,0.0
2025-09-03T00:00:00.000Z,standard,692,94,13.583815028901734
2025-09-03T00:00:00.000Z,thinking,3,2,66.66666666666667
2025-09-04T00:00:00.000Z,extended,1,0,0.0
2025-09-04T00:00:00.000Z,free,70,0,0.0
2025-09-04T00:00:00.000Z,standard,687,94,13.682678311499272
2025-09-04T00:00:00.000Z,thinking,3,2,66.66666666666667
2025-09-05T00:00:00.000Z,extended,1,0,0.0
2025-09-05T00:00:00.000Z,free,69,0,0.0
2025-09-05T00:00:00.000Z,standard,689,94,13.642960812772133
2025-09-05T00:00:00.000Z,thinking,3,2,66.66666666666667
2025-09-06T00:00:00.000Z,extended,1,0,0.0
2025-09-06T00:00:00.000Z,free,69,0,0.0
2025-09-06T00:00:00.000Z,standard,697,98,14.06025824964132
2025-09-06T00:00:00.000Z,thinking,3,2,66.66666666666667
2025-09-07T00:00:00.000Z,extended,1,0,0.0
2025-09-07T00:00:00.000Z,free,69,0,0.0
2025-09-07T00:00:00.000Z,standard,700,98,14.0
2025-09-07T00:00:00.000Z,thinking,3,2,66.66666666666667
2025-09-08T00:00:00.000Z,extended,1,0,0.0
2025-09-08T00:00:00.000Z,free,69,0,0.0
2025-09-08T00:00:00.000Z,standard,700,98,14.0
2025-09-08T00:00:00.000Z,thinking,3,2,66.66666666666667
2025-09-09T00:00:00.000Z,extended,1,0,0.0
2025-09-09T00:00:00.000Z,free,69,0,0.0
2025-09-09T00:00:00.000Z,standard,700,99,14.142857142857142
2025-09-09T00:00:00.000Z,thinking,3,2,66.66666666666667
2025-09-10T00:00:00.000Z,extended,1,0,0.0
2025-09-10T00:00:00.000Z,free,70,0,0.0
2025-09-10T00:00:00.000Z,standard,699,99,14.163090128755364
2025-09-10T00:00:00.000Z,thinking,3,2,66.66666666666667
2025-09-11T00:00:00.000Z,extended,1,0,0.0
2025-09-11T00:00:00.000Z,free,71,0,0.0
2025-09-11T00:00:00.000Z,standard,691,99,14.327062228654125
2025-09-11T00:00:00.000Z,thinking,3,2,66.66666666666667
2025-09-12T00:00:00.000Z,extended,1,0,0.0
2025-09-12T00:00:00.000Z,free,71,0,0.0
2025-09-12T00:00:00.000Z,standard,701,99,14.122681883024251
2025-09-12T00:00:00.000Z,thinking,4,2,50.0
2025-09-13T00:00:00.000Z,extended,1,0,0.0
2025-09-13T00:00:00.000Z,free,71,0,0.0
2025-09-13T00:00:00.000Z,standard,704,99,14.0625
2025-09-13T00:00:00.000Z,thinking,4,2,50.0
2025-09-14T00:00:00.000Z,extended,1,0,0.0
2025-09-14T00:00:00.000Z,free,71,0,0.0
2025-09-14T00:00:00.000Z,standard,704,99,14.0625
2025-09-14T00:00:00.000Z,thinking,4,2,50.0
2025-09-15T00:00:00.000Z,extended,1,0,0.0
2025-09-15T00:00:00.000Z,free,71,0,0.0
2025-09-15T00:00:00.000Z,standard,706,99,14.022662889518413
2025-09-15T00:00:00.000Z,thinking,4,2,50.0
2025-09-16T00:00:00.000Z,extended,1,0,0.0
2025-09-16T00:00:00.000Z,free,71,0,0.0
2025-09-16T00:00:00.000Z,standard,711,100,14.064697609001406
2025-09-16T00:00:00.000Z,thinking,4,2,50.0
2025-09-17T00:00:00.000Z,extended,1,0,0.0
2025-09-17T00:00:00.000Z,free,70,0,0.0
2025-09-17T00:00:00.000Z,standard,714,102,14.285714285714286
2025-09-17T00:00:00.000Z,thinking,4,2,50.0
2025-09-18T00:00:00.000Z,extended,1,0,0.0
2025-09-18T00:00:00.000Z,free,69,0,0.0
2025-09-18T00:00:00.000Z,standard,721,105,14.563106796116505
2025-09-18T00:00:00.000Z,thinking,4,2,50.0
2025-09-19T00:00:00.000Z,extended,1,0,0.0
2025-09-19T00:00:00.000Z,free,69,0,0.0
2025-09-19T00:00:00.000Z,standard,725,105,14.482758620689655
2025-09-19T00:00:00.000Z,thinking,4,2,50.0
2025-09-20T00:00:00.000Z,extended,1,0,0.0
2025-09-20T00:00:00.000Z,free,69,0,0.0
2025-09-20T00:00:00.000Z,standard,725,105,14.482758620689655
2025-09-20T00:00:00.000Z,thinking,4,2,50.0
2025-09-21T00:00:00.000Z,extended,1,0,0.0
2025-09-21T00:00:00.000Z,free,70,0,0.0
2025-09-21T00:00:00.000Z,standard,730,105,14.383561643835616
2025-09-21T00:00:00.000Z,thinking,4,2,50.0
2025-09-22T00:00:00.000Z,extended,1,0,0.0
2025-09-22T00:00:00.000Z,free,70,0,0.0
2025-09-22T00:00:00.000Z,standard,731,105,14.36388508891929
2025-09-22T00:00:00.000Z,thinking,4,2,50.0
2025-09-23T00:00:00.000Z,extended,1,0,0.0
2025-09-23T00:00:00.000Z,free,66,0,0.0
2025-09-23T00:00:00.000Z,standard,735,104,14.149659863945578
2025-09-23T00:00:00.000Z,thinking,4,2,50.0
2025-09-24T00:00:00.000Z,extended,1,0,0.0
2025-09-24T00:00:00.000Z,free,65,0,0.0
2025-09-24T00:00:00.000Z,standard,737,105,14.246947082767978
2025-09-24T00:00:00.000Z,thinking,4,2,50.0
2025-09-25T00:00:00.000Z,extended,1,0,0.0
2025-09-25T00:00:00.000Z,free,65,0,0.0
2025-09-25T00:00:00.000Z,standard,739,104,14.073071718538566
2025-09-25T00:00:00.000Z,thinking,4,2,50.0
2025-09-26T00:00:00.000Z,extended,1,0,0.0
2025-09-26T00:00:00.000Z,free,65,0,0.0
2025-09-26T00:00:00.000Z,standard,743,104,13.997308209959623
2025-09-26T00:00:00.000Z,thinking,4,2,50.0
2025-09-27T00:00:00.000Z,extended,1,0,0.0
2025-09-27T00:00:00.000Z,free,65,0,0.0
2025-09-27T00:00:00.000Z,standard,746,104,13.941018766756033
2025-09-27T00:00:00.000Z,thinking,4,2,50.0
2025-09-28T00:00:00.000Z,extended,1,0,0.0
2025-09-28T00:00:00.000Z,free,65,0,0.0
2025-09-28T00:00:00.000Z,standard,734,103,14.032697547683924
2025-09-28T00:00:00.000Z,thinking,4,2,50.0
2025-09-29T00:00:00.000Z,extended,1,0,0.0
2025-09-29T00:00:00.000Z,free,65,0,0.0
2025-09-29T00:00:00.000Z,standard,734,103,14.032697547683924
2025-09-29T00:00:00.000Z,thinking,4,2,50.0
2025-09-30T00:00:00.000Z,extended,1,0,0.0
2025-09-30T00:00:00.000Z,free,65,0,0.0
2025-09-30T00:00:00.000Z,standard,737,106,14.382632293080054
2025-09-30T00:00:00.000Z,thinking,4,2,50.0
2025-10-01T00:00:00.000Z,extended,1,0,0.0
2025-10-01T00:00:00.000Z,free,66,0,0.0
2025-10-01T00:00:00.000Z,standard,744,107,14.381720430107526
2025-10-01T00:00:00.000Z,thinking,4,2,50.0
2025-10-02T00:00:00.000Z,extended,1,0,0.0
2025-10-02T00:00:00.000Z,free,66,0,0.0
2025-10-02T00:00:00.000Z,standard,746,107,14.343163538873995
2025-10-02T00:00:00.000Z,thinking,4,2,50.0
2025-10-03T00:00:00.000Z,extended,1,0,0.0
2025-10-03T00:00:00.000Z,free,65,0,0.0
2025-10-03T00:00:00.000Z,standard,749,107,14.285714285714286
2025-10-03T00:00:00.000Z,thinking,4,2,50.0
2025-10-04T00:00:00.000Z,extended,1,0,0.0
2025-10-04T00:00:00.000Z,free,64,0,0.0
2025-10-04T00:00:00.000Z,standard,745,107,14.36241610738255
2025-10-04T00:00:00.000Z,thinking,4,2,50.0
2025-10-05T00:00:00.000Z,extended,1,0,0.0
2025-10-05T00:00:00.000Z,free,64,0,0.0
2025-10-05T00:00:00.000Z,standard,746,107,14.343163538873995
2025-10-05T00:00:00.000Z,thinking,4,2,50.0
2025-10-06T00:00:00.000Z,extended,1,0,0.0
2025-10-06T00:00:00.000Z,free,64,0,0.0
2025-10-06T00:00:00.000Z,standard,745,107,14.36241610738255
2025-10-06T00:00:00.000Z,thinking,4,2,50.0
2025-10-07T00:00:00.000Z,extended,1,0,0.0
2025-10-07T00:00:00.000Z,free,61,0,0.0
2025-10-07T00:00:00.000Z,standard,742,108,14.555256064690028
2025-10-07T00:00:00.000Z,thinking,4,2,50.0
2025-10-08T00:00:00.000Z,extended,1,0,0.0
2025-10-08T00:00:00.000Z,free,61,0,0.0
2025-10-08T00:00:00.000Z,standard,750,108,14.4
2025-10-08T00:00:00.000Z,thinking,4,2,50.0
2025-10-09T00:00:00.000Z,extended,1,0,0.0
2025-10-09T00:00:00.000Z,free,61,0,0.0
2025-10-09T00:00:00.000Z,standard,754,108,14.323607427055704
2025-10-09T00:00:00.000Z,thinking,4,2,50.0
2025-10-10T00:00:00.000Z,extended,1,0,0.0
2025-10-10T00:00:00.000Z,free,61,0,0.0
2025-10-10T00:00:00.000Z,standard,748,107,14.304812834224599
2025-10-10T00:00:00.000Z,thinking,4,2,50.0
2025-10-11T00:00:00.000Z,extended,1,0,0.0
2025-10-11T00:00:00.000Z,free,60,0,0.0
2025-10-11T00:00:00.000Z,standard,754,106,14.058355437665783
2025-10-11T00:00:00.000Z,thinking,4,2,50.0
2025-10-12T00:00:00.000Z,extended,1,0,0.0
2025-10-12T00:00:00.000Z,free,60,0,0.0
2025-10-12T00:00:00.000Z,standard,754,107,14.190981432360743
2025-10-12T00:00:00.000Z,thinking,4,2,50.0
2025-10-13T00:00:00.000Z,extended,1,0,0.0
2025-10-13T00:00:00.000Z,free,60,0,0.0
2025-10-13T00:00:00.000Z,standard,755,107,14.172185430463577
2025-10-13T00:00:00.000Z,thinking,4,2,50.0
2025-10-14T00:00:00.000Z,extended,1,0,0.0
2025-10-14T00:00:00.000Z,free,60,0,0.0
2025-10-14T00:00:00.000Z,standard,759,107,14.097496706192358
2025-10-14T00:00:00.000Z,thinking,4,2,50.0
2025-10-15T00:00:00.000Z,extended,1,0,0.0
2025-10-15T00:00:00.000Z,free,60,0,0.0
2025-10-15T00:00:00.000Z,standard,764,111,14.528795811518325
2025-10-15T00:00:00.000Z,thinking,4,2,50.0
2025-10-16T00:00:00.000Z,extended,1,0,0.0
2025-10-16T00:00:00.000Z,free,60,0,0.0
2025-10-16T00:00:00.000Z,standard,767,115,14.99348109517601
2025-10-16T00:00:00.000Z,thinking,4,2,50.0
2025-10-17T00:00:00.000Z,extended,1,0,0.0
2025-10-17T00:00:00.000Z,free,60,0,0.0
2025-10-17T00:00:00.000Z,standard,767,118,15.384615384615385
2025-10-17T00:00:00.000Z,thinking,4,2,50.0
2025-10-18T00:00:00.000Z,extended,1,0,0.0
2025-10-18T00:00:00.000Z,free,60,0,0.0
2025-10-18T00:00:00.000Z,standard,769,119,15.474642392717815
2025-10-18T00:00:00.000Z,thinking,4,2,50.0
2025-10-19T00:00:00.000Z,extended,1,0,0.0
2025-10-19T00:00:00.000Z,free,60,0,0.0
2025-10-19T00:00:00.000Z,standard,766,119,15.535248041775457
2025-10-19T00:00:00.000Z,thinking,4,2,50.0
2025-10-20T00:00:00.000Z,extended,1,0,0.0
2025-10-20T00:00:00.000Z,free,60,0,0.0
2025-10-20T00:00:00.000Z,standard,766,119,15.535248041775457
2025-10-20T00:00:00.000Z,thinking,4,2,50.0
2025-10-21T00:00:00.000Z,extended,1,0,0.0
2025-10-21T00:00:00.000Z,free,60,0,0.0
2025-10-21T00:00:00.000Z,standard,769,124,16.124837451235372
2025-10-21T00:00:00.000Z,thinking,4,2,50.0
2025-10-22T00:00:00.000Z,extended,1,0,0.0
2025-10-22T00:00:00.000Z,free,58,0,0.0
2025-10-22T00:00:00.000Z,standard,768,124,16.145833333333332
2025-10-22T00:00:00.000Z,thinking,4,2,50.0
2025-10-23T00:00:00.000Z,exacto,15,0,0.0
2025-10-23T00:00:00.000Z,extended,1,0,0.0
2025-10-23T00:00:00.000Z,free,61,0,0.0
2025-10-23T00:00:00.000Z,standard,766,124,16.18798955613577
2025-10-23T00:00:00.000Z,thinking,4,2,50.0
2025-10-24T00:00:00.000Z,exacto,15,0,0.0
2025-10-24T00:00:00.000Z,extended,1,0,0.0
2025-10-24T00:00:00.000Z,free,61,0,0.0
2025-10-24T00:00:00.000Z,standard,773,127,16.429495472186286
2025-10-24T00:00:00.000Z,thinking,4,2,50.0
2025-10-25T00:00:00.000Z,exacto,15,0,0.0
2025-10-25T00:00:00.000Z,extended,1,0,0.0
2025-10-25T00:00:00.000Z,free,63,0,0.0
2025-10-25T00:00:00.000Z,standard,773,127,16.429495472186286
2025-10-25T00:00:00.000Z,thinking,4,2,50.0
2025-10-26T00:00:00.000Z,exacto,15,0,0.0
2025-10-26T00:00:00.000Z,extended,1,0,0.0
2025-10-26T00:00:00.000Z,free,64,0,0.0
2025-10-26T00:00:00.000Z,standard,772,127,16.45077720207254
2025-10-26T00:00:00.000Z,thinking,4,2,50.0
2025-10-27T00:00:00.000Z,exacto,15,0,0.0
2025-10-27T00:00:00.000Z,extended,1,0,0.0
2025-10-27T00:00:00.000Z,free,64,0,0.0
2025-10-27T00:00:00.000Z,standard,773,127,16.429495472186286
2025-10-27T00:00:00.000Z,thinking,4,2,50.0
2025-10-28T00:00:00.000Z,exacto,15,0,0.0
2025-10-28T00:00:00.000Z,extended,1,0,0.0
2025-10-28T00:00:00.000Z,free,64,0,0.0
2025-10-28T00:00:00.000Z,standard,770,125,16.233766233766232
2025-10-28T00:00:00.000Z,thinking,4,2,50.0
2025-10-29T00:00:00.000Z,exacto,15,0,0.0
2025-10-29T00:00:00.000Z,extended,1,0,0.0
2025-10-29T00:00:00.000Z,free,65,0,0.0
2025-10-29T00:00:00.000Z,standard,768,123,16.015625
2025-10-29T00:00:00.000Z,thinking,4,2,50.0
2025-10-30T00:00:00.000Z,exacto,15,0,0.0
2025-10-30T00:00:00.000Z,extended,1,0,0.0
2025-10-30T00:00:00.000Z,free,64,0,0.0
2025-10-30T00:00:00.000Z,standard,775,123,15.870967741935484
2025-10-30T00:00:00.000Z,thinking,4,2,50.0
2025-10-31T00:00:00.000Z,exacto,15,0,0.0
2025-10-31T00:00:00.000Z,extended,1,0,0.0
2025-10-31T00:00:00.000Z,free,64,0,0.0
2025-10-31T00:00:00.000Z,standard,776,123,15.850515463917526
2025-10-31T00:00:00.000Z,thinking,4,2,50.0
2025-11-01T00:00:00.000Z,exacto,15,0,0.0
2025-11-01T00:00:00.000Z,extended,1,0,0.0
2025-11-01T00:00:00.000Z,free,58,0,0.0
2025-11-01T00:00:00.000Z,standard,763,123,16.120576671035387
2025-11-01T00:00:00.000Z,thinking,4,2,50.0
2025-11-02T00:00:00.000Z,exacto,15,0,0.0
2025-11-02T00:00:00.000Z,extended,1,0,0.0
2025-11-02T00:00:00.000Z,free,58,0,0.0
2025-11-02T00:00:00.000Z,standard,764,124,16.230366492146597
2025-11-02T00:00:00.000Z,thinking,4,2,50.0
2025-11-03T00:00:00.000Z,exacto,15,0,0.0
2025-11-03T00:00:00.000Z,extended,1,0,0.0
2025-11-03T00:00:00.000Z,free,58,0,0.0
2025-11-03T00:00:00.000Z,standard,764,124,16.230366492146597
2025-11-03T00:00:00.000Z,thinking,4,2,50.0
2025-11-04T00:00:00.000Z,exacto,15,0,0.0
2025-11-04T00:00:00.000Z,extended,1,0,0.0
2025-11-04T00:00:00.000Z,free,58,0,0.0
2025-11-04T00:00:00.000Z,standard,762,124,16.27296587926509
2025-11-04T00:00:00.000Z,thinking,4,2,50.0
2025-11-05T00:00:00.000Z,exacto,15,0,0.0
2025-11-05T00:00:00.000Z,extended,1,0,0.0
2025-11-05T00:00:00.000Z,free,57,0,0.0
2025-11-05T00:00:00.000Z,standard,758,124,16.358839050131927
2025-11-05T00:00:00.000Z,thinking,4,2,50.0
2025-11-06T00:00:00.000Z,exacto,14,0,0.0
2025-11-06T00:00:00.000Z,extended,1,0,0.0
2025-11-06T00:00:00.000Z,free,57,0,0.0
2025-11-06T00:00:00.000Z,standard,757,124,16.380449141347423
2025-11-06T00:00:00.000Z,thinking,4,2,50.0
2025-11-07T00:00:00.000Z,exacto,14,0,0.0
2025-11-07T00:00:00.000Z,extended,1,0,0.0
2025-11-07T00:00:00.000Z,free,57,0,0.0
2025-11-07T00:00:00.000Z,standard,750,126,16.8
2025-11-07T00:00:00.000Z,thinking,4,2,50.0
2025-11-08T00:00:00.000Z,exacto,14,0,0.0
2025-11-08T00:00:00.000Z,extended,1,0,0.0
2025-11-08T00:00:00.000Z,free,57,0,0.0
2025-11-08T00:00:00.000Z,standard,740,124,16.756756756756758
2025-11-08T00:00:00.000Z,thinking,4,2,50.0
2025-11-09T00:00:00.000Z,exacto,14,0,0.0
2025-11-09T00:00:00.000Z,extended,1,0,0.0
2025-11-09T00:00:00.000Z,free,57,0,0.0
2025-11-09T00:00:00.000Z,standard,745,127,17.046979865771814
2025-11-09T00:00:00.000Z,thinking,4,2,50.0
2025-11-10T00:00:00.000Z,exacto,14,0,0.0
2025-11-10T00:00:00.000Z,extended,1,0,0.0
2025-11-10T00:00:00.000Z,free,57,0,0.0
2025-11-10T00:00:00.000Z,standard,745,128,17.181208053691275
2025-11-10T00:00:00.000Z,thinking,4,2,50.0
2025-11-11T00:00:00.000Z,exacto,14,1,7.142857142857143
2025-11-11T00:00:00.000Z,extended,1,0,0.0
2025-11-11T00:00:00.000Z,free,58,0,0.0
2025-11-11T00:00:00.000Z,standard,745,126,16.91275167785235
2025-11-11T00:00:00.000Z,thinking,4,2,50.0
2025-11-12T00:00:00.000Z,exacto,14,1,7.142857142857143
2025-11-12T00:00:00.000Z,extended,1,0,0.0
2025-11-12T00:00:00.000Z,free,58,0,0.0
2025-11-12T00:00:00.000Z,standard,746,126,16.890080428954423
2025-11-12T00:00:00.000Z,thinking,4,2,50.0
2025-11-13T00:00:00.000Z,exacto,13,1,7.6923076923076925
2025-11-13T00:00:00.000Z,extended,1,0,0.0
2025-11-13T00:00:00.000Z,free,57,0,0.0
2025-11-13T00:00:00.000Z,standard,747,125,16.733601070950467
2025-11-13T00:00:00.000Z,thinking,4,2,50.0
2025-11-14T00:00:00.000Z,exacto,13,1,7.6923076923076925
2025-11-14T00:00:00.000Z,extended,1,0,0.0
2025-11-14T00:00:00.000Z,free,57,0,0.0
2025-11-14T00:00:00.000Z,standard,750,129,17.2
2025-11-14T00:00:00.000Z,thinking,4,2,50.0
2025-11-15T00:00:00.000Z,exacto,14,1,7.142857142857143
2025-11-15T00:00:00.000Z,extended,1,0,0.0
2025-11-15T00:00:00.000Z,free,57,0,0.0
2025-11-15T00:00:00.000Z,standard,752,130,17.28723404255319
2025-11-15T00:00:00.000Z,thinking,4,2,50.0
2025-11-16T00:00:00.000Z,exacto,14,1,7.142857142857143
2025-11-16T00:00:00.000Z,extended,1,0,0.0
2025-11-16T00:00:00.000Z,free,53,0,0.0
2025-11-16T00:00:00.000Z,standard,753,129,17.131474103585656
2025-11-16T00:00:00.000Z,thinking,4,2,50.0
2025-11-17T00:00:00.000Z,exacto,14,1,7.142857142857143
2025-11-17T00:00:00.000Z,extended,1,0,0.0
2025-11-17T00:00:00.000Z,free,53,0,0.0
2025-11-17T00:00:00.000Z,standard,753,129,17.131474103585656
2025-11-17T00:00:00.000Z,thinking,4,2,50.0
2025-11-18T00:00:00.000Z,exacto,14,1,7.142857142857143
2025-11-18T00:00:00.000Z,extended,1,0,0.0
2025-11-18T00:00:00.000Z,free,53,0,0.0
2025-11-18T00:00:00.000Z,standard,753,129,17.131474103585656
2025-11-18T00:00:00.000Z,thinking,4,2,50.0
2025-11-19T00:00:00.000Z,exacto,14,1,7.142857142857143
2025-11-19T00:00:00.000Z,extended,1,0,0.0
2025-11-19T00:00:00.000Z,free,51,0,0.0
2025-11-19T00:00:00.000Z,standard,750,130,17.333333333333332
2025-11-19T00:00:00.000Z,thinking,4,2,50.0
2025-11-20T00:00:00.000Z,exacto,14,1,7.142857142857143
2025-11-20T00:00:00.000Z,extended,1,0,0.0
2025-11-20T00:00:00.000Z,free,51,0,0.0
2025-11-20T00:00:00.000Z,standard,751,130,17.310252996005325
2025-11-20T00:00:00.000Z,thinking,4,2,50.0
2025-11-21T00:00:00.000Z,exacto,14,1,7.142857142857143
2025-11-21T00:00:00.000Z,extended,1,0,0.0
2025-11-21T00:00:00.000Z,free,52,0,0.0
2025-11-21T00:00:00.000Z,standard,753,131,17.39707835325365
2025-11-21T00:00:00.000Z,thinking,4,2,50.0
2025-11-22T00:00:00.000Z,exacto,14,1,7.142857142857143
2025-11-22T00:00:00.000Z,extended,1,0,0.0
2025-11-22T00:00:00.000Z,free,52,0,0.0
2025-11-22T00:00:00.000Z,standard,747,131,17.536813922356092
2025-11-22T00:00:00.000Z,thinking,4,2,50.0
2025-11-23T00:00:00.000Z,exacto,14,1,7.142857142857143
2025-11-23T00:00:00.000Z,extended,1,0,0.0
2025-11-23T00:00:00.000Z,free,52,0,0.0
2025-11-23T00:00:00.000Z,standard,750,131,17.466666666666665
2025-11-23T00:00:00.000Z,thinking,4,2,50.0
2025-11-24T00:00:00.000Z,exacto,14,1,7.142857142857143
2025-11-24T00:00:00.000Z,extended,1,0,0.0
2025-11-24T00:00:00.000Z,free,52,0,0.0
2025-11-24T00:00:00.000Z,standard,747,131,17.536813922356092
2025-11-24T00:00:00.000Z,thinking,4,2,50.0
2025-11-25T00:00:00.000Z,exacto,14,1,7.142857142857143
2025-11-25T00:00:00.000Z,extended,1,0,0.0
2025-11-25T00:00:00.000Z,free,52,0,0.0
2025-11-25T00:00:00.000Z,standard,747,131,17.536813922356092
2025-11-25T00:00:00.000Z,thinking,4,2,50.0
2025-11-26T00:00:00.000Z,exacto,14,1,7.142857142857143
2025-11-26T00:00:00.000Z,extended,1,0,0.0
2025-11-26T00:00:00.000Z,free,53,0,0.0
2025-11-26T00:00:00.000Z,standard,747,134,17.9384203480589
2025-11-26T00:00:00.000Z,thinking,4,2,50.0
2025-11-27T00:00:00.000Z,exacto,14,1,7.142857142857143
2025-11-27T00:00:00.000Z,extended,1,0,0.0
2025-11-27T00:00:00.000Z,free,37,0,0.0
2025-11-27T00:00:00.000Z,standard,754,134,17.77188328912467
2025-11-27T00:00:00.000Z,thinking,4,2,50.0
2025-11-28T00:00:00.000Z,exacto,14,1,7.142857142857143
2025-11-28T00:00:00.000Z,extended,1,0,0.0
2025-11-28T00:00:00.000Z,free,37,0,0.0
2025-11-28T00:00:00.000Z,standard,756,134,17.724867724867725
2025-11-28T00:00:00.000Z,thinking,4,2,50.0
2025-11-29T00:00:00.000Z,exacto,14,1,7.142857142857143
2025-11-29T00:00:00.000Z,extended,1,0,0.0
2025-11-29T00:00:00.000Z,free,35,0,0.0
2025-11-29T00:00:00.000Z,standard,753,134,17.795484727755642
2025-11-29T00:00:00.000Z,thinking,4,2,50.0
2025-11-30T00:00:00.000Z,exacto,14,1,7.142857142857143
2025-11-30T00:00:00.000Z,extended,1,0,0.0
2025-11-30T00:00:00.000Z,free,35,0,0.0
2025-11-30T00:00:00.000Z,standard,753,142,18.857901726427624
2025-11-30T00:00:00.000Z,thinking,4,2,50.0
2025-12-01T00:00:00.000Z,exacto,14,1,7.142857142857143
2025-12-01T00:00:00.000Z,extended,1,0,0.0
2025-12-01T00:00:00.000Z,free,35,0,0.0
2025-12-01T00:00:00.000Z,standard,753,142,18.857901726427624
2025-12-01T00:00:00.000Z,thinking,4,2,50.0
2025-12-02T00:00:00.000Z,exacto,14,1,7.142857142857143
2025-12-02T00:00:00.000Z,extended,1,0,0.0
2025-12-02T00:00:00.000Z,free,36,0,0.0
2025-12-02T00:00:00.000Z,standard,758,143,18.86543535620053
2025-12-02T00:00:00.000Z,thinking,4,2,50.0
2025-12-03T00:00:00.000Z,exacto,14,1,7.142857142857143
2025-12-03T00:00:00.000Z,extended,1,0,0.0
2025-12-03T00:00:00.000Z,free,37,0,0.0
2025-12-03T00:00:00.000Z,standard,760,143,18.81578947368421
2025-12-03T00:00:00.000Z,thinking,4,2,50.0
2025-12-04T00:00:00.000Z,exacto,14,3,21.428571428571427
2025-12-04T00:00:00.000Z,extended,1,0,0.0
2025-12-04T00:00:00.000Z,free,36,0,0.0
2025-12-04T00:00:00.000Z,standard,764,146,19.10994764397906
2025-12-04T00:00:00.000Z,thinking,4,2,50.0
2025-12-05T00:00:00.000Z,exacto,14,3,21.428571428571427
2025-12-05T00:00:00.000Z,extended,1,0,0.0
2025-12-05T00:00:00.000Z,free,36,0,0.0
2025-12-05T00:00:00.000Z,standard,764,147,19.240837696335078
2025-12-05T00:00:00.000Z,thinking,4,2,50.0
2025-12-06T00:00:00.000Z,exacto,14,3,21.428571428571427
2025-12-06T00:00:00.000Z,extended,1,0,0.0
2025-12-06T00:00:00.000Z,free,40,0,0.0
2025-12-06T00:00:00.000Z,standard,760,148,19.473684210526315
2025-12-06T00:00:00.000Z,thinking,4,2,50.0
2025-12-07T00:00:00.000Z,exacto,14,3,21.428571428571427
2025-12-07T00:00:00.000Z,extended,1,0,0.0
2025-12-07T00:00:00.000Z,free,40,0,0.0
2025-12-07T00:00:00.000Z,standard,761,149,19.579500657030223
2025-12-07T00:00:00.000Z,thinking,4,2,50.0
2025-12-08T00:00:00.000Z,exacto,14,3,21.428571428571427
2025-12-08T00:00:00.000Z,extended,1,0,0.0
2025-12-08T00:00:00.000Z,free,40,0,0.0
2025-12-08T00:00:00.000Z,standard,756,149,19.70899470899471
2025-12-08T00:00:00.000Z,thinking,3,2,66.66666666666667
2025-12-09T00:00:00.000Z,exacto,14,3,21.428571428571427
2025-12-09T00:00:00.000Z,extended,1,0,0.0
2025-12-09T00:00:00.000Z,free,40,0,0.0
2025-12-09T00:00:00.000Z,standard,759,150,19.76284584980237
2025-12-09T00:00:00.000Z,thinking,3,2,66.66666666666667
2025-12-10T00:00:00.000Z,exacto,14,3,21.428571428571427
2025-12-10T00:00:00.000Z,extended,1,0,0.0
2025-12-10T00:00:00.000Z,free,40,0,0.0
2025-12-10T00:00:00.000Z,standard,763,150,19.65923984272608
2025-12-10T00:00:00.000Z,thinking,3,2,66.66666666666667
2025-12-11T00:00:00.000Z,exacto,14,3,21.428571428571427
2025-12-11T00:00:00.000Z,extended,1,0,0.0
2025-12-11T00:00:00.000Z,free,41,0,0.0
2025-12-11T00:00:00.000Z,standard,765,150,19.607843137254903
2025-12-11T00:00:00.000Z,thinking,3,2,66.66666666666667
2025-12-12T00:00:00.000Z,exacto,13,2,15.384615384615385
2025-12-12T00:00:00.000Z,extended,1,0,0.0
2025-12-12T00:00:00.000Z,free,41,0,0.0
2025-12-12T00:00:00.000Z,standard,768,152,19.791666666666668
2025-12-12T00:00:00.000Z,thinking,3,2,66.66666666666667
2025-12-13T00:00:00.000Z,exacto,13,2,15.384615384615385
2025-12-13T00:00:00.000Z,extended,1,0,0.0
2025-12-13T00:00:00.000Z,free,41,0,0.0
2025-12-13T00:00:00.000Z,standard,768,155,20.182291666666668
2025-12-13T00:00:00.000Z,thinking,3,2,66.66666666666667
2025-12-14T00:00:00.000Z,exacto,13,2,15.384615384615385
2025-12-14T00:00:00.000Z,extended,1,0,0.0
2025-12-14T00:00:00.000Z,free,41,0,0.0
2025-12-14T00:00:00.000Z,standard,768,155,20.182291666666668
2025-12-14T00:00:00.000Z,thinking,3,2,66.66666666666667
2025-12-15T00:00:00.000Z,exacto,13,2,15.384615384615385
2025-12-15T00:00:00.000Z,extended,1,0,0.0
2025-12-15T00:00:00.000Z,free,40,0,0.0
2025-12-15T00:00:00.000Z,standard,769,157,20.416124837451235
2025-12-15T00:00:00.000Z,thinking,3,2,66.66666666666667
2025-12-16T00:00:00.000Z,exacto,13,2,15.384615384615385
2025-12-16T00:00:00.000Z,extended,1,0,0.0
2025-12-16T00:00:00.000Z,free,41,0,0.0
2025-12-16T00:00:00.000Z,standard,769,157,20.416124837451235
2025-12-16T00:00:00.000Z,thinking,3,2,66.66666666666667
2025-12-17T00:00:00.000Z,exacto,13,2,15.384615384615385
2025-12-17T00:00:00.000Z,extended,1,0,0.0
2025-12-17T00:00:00.000Z,free,44,0,0.0
2025-12-17T00:00:00.000Z,standard,770,157,20.38961038961039
2025-12-17T00:00:00.000Z,thinking,3,2,66.66666666666667
2025-12-18T00:00:00.000Z,exacto,13,2,15.384615384615385
2025-12-18T00:00:00.000Z,extended,1,0,0.0
2025-12-18T00:00:00.000Z,free,44,0,0.0
2025-12-18T00:00:00.000Z,standard,772,159,20.59585492227979
2025-12-18T00:00:00.000Z,thinking,3,2,66.66666666666667
2025-12-19T00:00:00.000Z,exacto,13,2,15.384615384615385
2025-12-19T00:00:00.000Z,extended,1,0,0.0
2025-12-19T00:00:00.000Z,free,44,0,0.0
2025-12-19T00:00:00.000Z,standard,772,160,20.72538860103627
2025-12-19T00:00:00.000Z,thinking,3,2,66.66666666666667
2025-12-20T00:00:00.000Z,exacto,13,2,15.384615384615385
2025-12-20T00:00:00.000Z,extended,1,0,0.0
2025-12-20T00:00:00.000Z,free,44,0,0.0
2025-12-20T00:00:00.000Z,standard,770,160,20.77922077922078
2025-12-20T00:00:00.000Z,thinking,3,2,66.66666666666667
2025-12-21T00:00:00.000Z,exacto,13,2,15.384615384615385
2025-12-21T00:00:00.000Z,extended,1,0,0.0
2025-12-21T00:00:00.000Z,free,43,0,0.0
2025-12-21T00:00:00.000Z,standard,766,160,20.887728459530027
2025-12-21T00:00:00.000Z,thinking,3,2,66.66666666666667
2025-12-22T00:00:00.000Z,exacto,13,2,15.384615384615385
2025-12-22T00:00:00.000Z,extended,1,0,0.0
2025-12-22T00:00:00.000Z,free,43,0,0.0
2025-12-22T00:00:00.000Z,standard,766,160,20.887728459530027
2025-12-22T00:00:00.000Z,thinking,3,2,66.66666666666667
2025-12-23T00:00:00.000Z,exacto,13,2,15.384615384615385
2025-12-23T00:00:00.000Z,extended,1,0,0.0
2025-12-23T00:00:00.000Z,free,43,0,0.0
2025-12-23T00:00:00.000Z,standard,769,161,20.93628088426528
2025-12-23T00:00:00.000Z,thinking,3,2,66.66666666666667
2025-12-24T00:00:00.000Z,exacto,13,2,15.384615384615385
2025-12-24T00:00:00.000Z,extended,1,0,0.0
2025-12-24T00:00:00.000Z,free,43,0,0.0
2025-12-24T00:00:00.000Z,standard,775,162,20.903225806451612
2025-12-24T00:00:00.000Z,thinking,3,2,66.66666666666667
2025-12-25T00:00:00.000Z,exacto,13,2,15.384615384615385
2025-12-25T00:00:00.000Z,extended,1,0,0.0
2025-12-25T00:00:00.000Z,free,43,0,0.0
2025-12-25T00:00:00.000Z,standard,773,164,21.216041397153944
2025-12-25T00:00:00.000Z,thinking,3,2,66.66666666666667
2025-12-26T00:00:00.000Z,exacto,13,2,15.384615384615385
2025-12-26T00:00:00.000Z,extended,1,0,0.0
2025-12-26T00:00:00.000Z,free,43,0,0.0
2025-12-26T00:00:00.000Z,standard,773,164,21.216041397153944
2025-12-26T00:00:00.000Z,thinking,3,2,66.66666666666667
2025-12-27T00:00:00.000Z,exacto,13,2,15.384615384615385
2025-12-27T00:00:00.000Z,extended,1,0,0.0
2025-12-27T00:00:00.000Z,free,43,0,0.0
2025-12-27T00:00:00.000Z,standard,773,165,21.345407503234153
2025-12-27T00:00:00.000Z,thinking,3,2,66.66666666666667
2025-12-28T00:00:00.000Z,exacto,13,2,15.384615384615385
2025-12-28T00:00:00.000Z,extended,1,0,0.0
2025-12-28T00:00:00.000Z,free,43,0,0.0
2025-12-28T00:00:00.000Z,standard,773,165,21.345407503234153
2025-12-28T00:00:00.000Z,thinking,3,2,66.66666666666667
2025-12-29T00:00:00.000Z,exacto,13,2,15.384615384615385
2025-12-29T00:00:00.000Z,extended,1,0,0.0
2025-12-29T00:00:00.000Z,free,43,0,0.0
2025-12-29T00:00:00.000Z,standard,772,165,21.373056994818654
2025-12-29T00:00:00.000Z,thinking,3,2,66.66666666666667
2025-12-30T00:00:00.000Z,exacto,13,2,15.384615384615385
2025-12-30T00:00:00.000Z,extended,1,0,0.0
2025-12-30T00:00:00.000Z,free,41,0,0.0
2025-12-30T00:00:00.000Z,standard,774,165,21.31782945736434
2025-12-30T00:00:00.000Z,thinking,3,2,66.66666666666667
2025-12-31T00:00:00.000Z,exacto,13,2,15.384615384615385
2025-12-31T00:00:00.000Z,extended,1,0,0.0
2025-12-31T00:00:00.000Z,free,41,0,0.0
2025-12-31T00:00:00.000Z,standard,769,166,21.586475942782833
2025-12-31T00:00:00.000Z,thinking,3,2,66.66666666666667
2026-01-01T00:00:00.000Z,exacto,13,2,15.384615384615385
2026-01-01T00:00:00.000Z,extended,1,0,0.0
2026-01-01T00:00:00.000Z,free,41,0,0.0
2026-01-01T00:00:00.000Z,standard,769,166,21.586475942782833
2026-01-01T00:00:00.000Z,thinking,3,2,66.66666666666667
2026-01-02T00:00:00.000Z,exacto,13,2,15.384615384615385
2026-01-02T00:00:00.000Z,extended,1,0,0.0
2026-01-02T00:00:00.000Z,free,41,0,0.0
2026-01-02T00:00:00.000Z,standard,769,166,21.586475942782833
2026-01-02T00:00:00.000Z,thinking,3,2,66.66666666666667
2026-01-03T00:00:00.000Z,exacto,13,2,15.384615384615385
2026-01-03T00:00:00.000Z,extended,1,0,0.0
2026-01-03T00:00:00.000Z,free,41,0,0.0
2026-01-03T00:00:00.000Z,standard,769,166,21.586475942782833
2026-01-03T00:00:00.000Z,thinking,3,2,66.66666666666667
2026-01-04T00:00:00.000Z,exacto,13,2,15.384615384615385
2026-01-04T00:00:00.000Z,extended,1,0,0.0
2026-01-04T00:00:00.000Z,free,41,0,0.0
2026-01-04T00:00:00.000Z,standard,770,166,21.558441558441558
2026-01-04T00:00:00.000Z,thinking,3,2,66.66666666666667
2026-01-05T00:00:00.000Z,exacto,13,2,15.384615384615385
2026-01-05T00:00:00.000Z,extended,1,0,0.0
2026-01-05T00:00:00.000Z,free,39,0,0.0
2026-01-05T00:00:00.000Z,standard,770,166,21.558441558441558
2026-01-05T00:00:00.000Z,thinking,3,2,66.66666666666667
2026-01-06T00:00:00.000Z,exacto,13,2,15.384615384615385
2026-01-06T00:00:00.000Z,extended,1,0,0.0
2026-01-06T00:00:00.000Z,free,38,0,0.0
2026-01-06T00:00:00.000Z,standard,768,168,21.875
2026-01-06T00:00:00.000Z,thinking,3,2,66.66666666666667
2026-01-07T00:00:00.000Z,exacto,13,2,15.384615384615385
2026-01-07T00:00:00.000Z,extended,1,0,0.0
2026-01-07T00:00:00.000Z,free,39,0,0.0
2026-01-07T00:00:00.000Z,standard,766,169,22.06266318537859
2026-01-07T00:00:00.000Z,thinking,3,2,66.66666666666667
2026-01-08T00:00:00.000Z,exacto,13,2,15.384615384615385
2026-01-08T00:00:00.000Z,extended,1,0,0.0
2026-01-08T00:00:00.000Z,free,39,0,0.0
2026-01-08T00:00:00.000Z,standard,767,169,22.033898305084747
2026-01-08T00:00:00.000Z,thinking,3,2,66.66666666666667
2026-01-09T00:00:00.000Z,exacto,13,2,15.384615384615385
2026-01-09T00:00:00.000Z,extended,1,0,0.0
2026-01-09T00:00:00.000Z,free,39,0,0.0
2026-01-09T00:00:00.000Z,standard,773,169,21.86287192755498
2026-01-09T00:00:00.000Z,thinking,3,2,66.66666666666667
2026-01-10T00:00:00.000Z,exacto,13,2,15.384615384615385
2026-01-10T00:00:00.000Z,extended,1,0,0.0
2026-01-10T00:00:00.000Z,free,40,0,0.0
2026-01-10T00:00:00.000Z,standard,773,169,21.86287192755498
2026-01-10T00:00:00.000Z,thinking,3,2,66.66666666666667
2026-01-11T00:00:00.000Z,exacto,13,2,15.384615384615385
2026-01-11T00:00:00.000Z,extended,1,0,0.0
2026-01-11T00:00:00.000Z,free,40,0,0.0
2026-01-11T00:00:00.000Z,standard,773,169,21.86287192755498
2026-01-11T00:00:00.000Z,thinking,3,2,66.66666666666667
2026-01-12T00:00:00.000Z,exacto,13,2,15.384615384615385
2026-01-12T00:00:00.000Z,extended,1,0,0.0
2026-01-12T00:00:00.000Z,free,40,0,0.0
2026-01-12T00:00:00.000Z,standard,773,169,21.86287192755498
2026-01-12T00:00:00.000Z,thinking,3,2,66.66666666666667
2026-01-13T00:00:00.000Z,exacto,13,2,15.384615384615385
2026-01-13T00:00:00.000Z,extended,1,0,0.0
2026-01-13T00:00:00.000Z,free,37,0,0.0
2026-01-13T00:00:00.000Z,standard,779,176,22.593068035943517
2026-01-13T00:00:00.000Z,thinking,3,2,66.66666666666667
2026-01-14T00:00:00.000Z,exacto,13,2,15.384615384615385
2026-01-14T00:00:00.000Z,extended,1,0,0.0
2026-01-14T00:00:00.000Z,free,37,0,0.0
2026-01-14T00:00:00.000Z,standard,777,176,22.65122265122265
2026-01-14T00:00:00.000Z,thinking,3,2,66.66666666666667
2026-01-15T00:00:00.000Z,exacto,13,2,15.384615384615385
2026-01-15T00:00:00.000Z,extended,1,0,0.0
2026-01-15T00:00:00.000Z,free,30,0,0.0
2026-01-15T00:00:00.000Z,standard,769,176,22.886866059817944
2026-01-15T00:00:00.000Z,thinking,3,2,66.66666666666667
2026-01-16T00:00:00.000Z,exacto,13,2,15.384615384615385
2026-01-16T00:00:00.000Z,extended,1,0,0.0
2026-01-16T00:00:00.000Z,free,37,0,0.0
2026-01-16T00:00:00.000Z,standard,736,172,23.369565217391305
2026-01-16T00:00:00.000Z,thinking,2,2,100.0
2026-01-17T00:00:00.000Z,exacto,13,2,15.384615384615385
2026-01-17T00:00:00.000Z,extended,1,0,0.0
2026-01-17T00:00:00.000Z,free,37,0,0.0
2026-01-17T00:00:00.000Z,standard,754,178,23.607427055702917
2026-01-17T00:00:00.000Z,thinking,3,2,66.66666666666667
2026-01-18T00:00:00.000Z,exacto,13,2,15.384615384615385
2026-01-18T00:00:00.000Z,extended,1,0,0.0
2026-01-18T00:00:00.000Z,free,37,0,0.0
2026-01-18T00:00:00.000Z,standard,756,178,23.544973544973544
2026-01-18T00:00:00.000Z,thinking,3,2,66.66666666666667
2026-01-19T00:00:00.000Z,exacto,13,2,15.384615384615385
2026-01-19T00:00:00.000Z,extended,1,0,0.0
2026-01-19T00:00:00.000Z,free,37,0,0.0
2026-01-19T00:00:00.000Z,standard,756,178,23.544973544973544
2026-01-19T00:00:00.000Z,thinking,3,2,66.66666666666667
2026-01-20T00:00:00.000Z,exacto,13,2,15.384615384615385
2026-01-20T00:00:00.000Z,extended,1,0,0.0
2026-01-20T00:00:00.000Z,free,37,0,0.0
2026-01-20T00:00:00.000Z,standard,757,180,23.778071334214
2026-01-20T00:00:00.000Z,thinking,3,2,66.66666666666667
2026-01-21T00:00:00.000Z,exacto,13,2,15.384615384615385
2026-01-21T00:00:00.000Z,extended,1,0,0.0
2026-01-21T00:00:00.000Z,free,39,0,0.0
2026-01-21T00:00:00.000Z,standard,757,180,23.778071334214
2026-01-21T00:00:00.000Z,thinking,3,2,66.66666666666667
2026-01-22T00:00:00.000Z,exacto,13,2,15.384615384615385
2026-01-22T00:00:00.000Z,extended,1,0,0.0
2026-01-22T00:00:00.000Z,free,39,0,0.0
2026-01-22T00:00:00.000Z,standard,757,180,23.778071334214
2026-01-22T00:00:00.000Z,thinking,3,2,66.66666666666667
2026-01-23T00:00:00.000Z,exacto,13,2,15.384615384615385
2026-01-23T00:00:00.000Z,extended,1,0,0.0
2026-01-23T00:00:00.000Z,free,39,2,5.128205128205129
2026-01-23T00:00:00.000Z,standard,753,184,24.43559096945551
2026-01-23T00:00:00.000Z,thinking,3,2,66.66666666666667
2026-01-24T00:00:00.000Z,exacto,13,2,15.384615384615385
2026-01-24T00:00:00.000Z,extended,1,0,0.0
2026-01-24T00:00:00.000Z,free,39,2,5.128205128205129
2026-01-24T00:00:00.000Z,standard,758,184,24.274406332453825
2026-01-24T00:00:00.000Z,thinking,3,2,66.66666666666667
2026-01-25T00:00:00.000Z,exacto,13,2,15.384615384615385
2026-01-25T00:00:00.000Z,extended,1,0,0.0
2026-01-25T00:00:00.000Z,free,39,0,0.0
2026-01-25T00:00:00.000Z,standard,753,185,24.568393094289508
2026-01-25T00:00:00.000Z,thinking,3,2,66.66666666666667
2026-01-26T00:00:00.000Z,exacto,13,4,30.76923076923077
2026-01-26T00:00:00.000Z,extended,1,0,0.0
2026-01-26T00:00:00.000Z,free,39,0,0.0
2026-01-26T00:00:00.000Z,standard,752,220,29.25531914893617
2026-01-26T00:00:00.000Z,thinking,3,2,66.66666666666667
2026-01-27T00:00:00.000Z,exacto,13,9,69.23076923076923
2026-01-27T00:00:00.000Z,extended,1,0,0.0
2026-01-27T00:00:00.000Z,free,38,0,0.0
2026-01-27T00:00:00.000Z,standard,759,225,29.64426877470356
2026-01-27T00:00:00.000Z,thinking,3,2,66.66666666666667
2026-01-28T00:00:00.000Z,exacto,13,9,69.23076923076923
2026-01-28T00:00:00.000Z,extended,1,0,0.0
2026-01-28T00:00:00.000Z,free,39,0,0.0
2026-01-28T00:00:00.000Z,standard,761,248,32.58869908015769
2026-01-28T00:00:00.000Z,thinking,3,2,66.66666666666667
2026-01-29T00:00:00.000Z,exacto,13,9,69.23076923076923
2026-01-29T00:00:00.000Z,extended,1,0,0.0
2026-01-29T00:00:00.000Z,free,38,0,0.0
2026-01-29T00:00:00.000Z,standard,764,249,32.59162303664922
2026-01-29T00:00:00.000Z,thinking,3,2,66.66666666666667
2026-01-30T00:00:00.000Z,exacto,13,9,69.23076923076923
2026-01-30T00:00:00.000Z,extended,1,0,0.0
2026-01-30T00:00:00.000Z,free,37,0,0.0
2026-01-30T00:00:00.000Z,standard,767,252,32.85528031290743
2026-01-30T00:00:00.000Z,thinking,3,2,66.66666666666667
2026-01-31T00:00:00.000Z,exacto,13,9,69.23076923076923
2026-01-31T00:00:00.000Z,extended,1,0,0.0
2026-01-31T00:00:00.000Z,free,37,0,0.0
2026-01-31T00:00:00.000Z,standard,766,252,32.89817232375979
2026-01-31T00:00:00.000Z,thinking,3,2,66.66666666666667
2026-02-01T00:00:00.000Z,exacto,13,9,69.23076923076923
2026-02-01T00:00:00.000Z,extended,1,0,0.0
2026-02-01T00:00:00.000Z,free,37,0,0.0
2026-02-01T00:00:00.000Z,standard,766,252,32.89817232375979
2026-02-01T00:00:00.000Z,thinking,3,2,66.66666666666667
2026-02-02T00:00:00.000Z,exacto,13,9,69.23076923076923
2026-02-02T00:00:00.000Z,extended,1,0,0.0
2026-02-02T00:00:00.000Z,free,37,0,0.0
2026-02-02T00:00:00.000Z,standard,766,252,32.89817232375979
2026-02-02T00:00:00.000Z,thinking,3,2,66.66666666666667
2026-02-03T00:00:00.000Z,exacto,13,9,69.23076923076923
2026-02-03T00:00:00.000Z,extended,1,0,0.0
2026-02-03T00:00:00.000Z,free,36,0,0.0
2026-02-03T00:00:00.000Z,standard,769,252,32.76983094928479
2026-02-03T00:00:00.000Z,thinking,3,2,66.66666666666667
2026-02-04T00:00:00.000Z,exacto,13,9,69.23076923076923
2026-02-04T00:00:00.000Z,extended,1,0,0.0
2026-02-04T00:00:00.000Z,free,32,0,0.0
2026-02-04T00:00:00.000Z,standard,770,252,32.72727272727273
2026-02-04T00:00:00.000Z,thinking,3,2,66.66666666666667
2026-02-05T00:00:00.000Z,exacto,13,9,69.23076923076923
2026-02-05T00:00:00.000Z,extended,1,0,0.0
2026-02-05T00:00:00.000Z,free,31,0,0.0
2026-02-05T00:00:00.000Z,standard,776,253,32.603092783505154
2026-02-05T00:00:00.000Z,thinking,3,2,66.66666666666667
2026-02-06T00:00:00.000Z,exacto,13,9,69.23076923076923
2026-02-06T00:00:00.000Z,extended,1,0,0.0
2026-02-06T00:00:00.000Z,free,31,0,0.0
2026-02-06T00:00:00.000Z,standard,774,255,32.945736434108525
2026-02-06T00:00:00.000Z,thinking,3,2,66.66666666666667
2026-02-07T00:00:00.000Z,exacto,12,9,75.0
2026-02-07T00:00:00.000Z,extended,1,0,0.0
2026-02-07T00:00:00.000Z,free,31,0,0.0
2026-02-07T00:00:00.000Z,standard,765,306,40.0
2026-02-07T00:00:00.000Z,thinking,3,2,66.66666666666667
2026-02-08T00:00:00.000Z,exacto,12,9,75.0
2026-02-08T00:00:00.000Z,extended,1,0,0.0
2026-02-08T00:00:00.000Z,free,31,0,0.0
2026-02-08T00:00:00.000Z,standard,767,308,40.15645371577575
2026-02-08T00:00:00.000Z,thinking,3,2,66.66666666666667
2026-02-09T00:00:00.000Z,exacto,12,9,75.0
2026-02-09T00:00:00.000Z,extended,1,0,0.0
2026-02-09T00:00:00.000Z,free,31,0,0.0
2026-02-09T00:00:00.000Z,standard,766,309,40.33942558746736
2026-02-09T00:00:00.000Z,thinking,3,2,66.66666666666667
2026-02-10T00:00:00.000Z,exacto,12,9,75.0
2026-02-10T00:00:00.000Z,extended,1,0,0.0
2026-02-10T00:00:00.000Z,free,31,0,0.0
2026-02-10T00:00:00.000Z,standard,761,309,40.60446780551906
2026-02-10T00:00:00.000Z,thinking,3,2,66.66666666666667
2026-02-11T00:00:00.000Z,exacto,12,9,75.0
2026-02-11T00:00:00.000Z,extended,1,0,0.0
2026-02-11T00:00:00.000Z,free,31,0,0.0
2026-02-11T00:00:00.000Z,standard,761,310,40.73587385019711
2026-02-11T00:00:00.000Z,thinking,3,2,66.66666666666667
2026-02-12T00:00:00.000Z,exacto,12,9,75.0
2026-02-12T00:00:00.000Z,extended,1,0,0.0
2026-02-12T00:00:00.000Z,free,31,0,0.0
2026-02-12T00:00:00.000Z,standard,759,310,40.843214756258234
2026-02-12T00:00:00.000Z,thinking,3,2,66.66666666666667
2026-02-13T00:00:00.000Z,exacto,12,9,75.0
2026-02-13T00:00:00.000Z,extended,1,0,0.0
2026-02-13T00:00:00.000Z,free,31,0,0.0
2026-02-13T00:00:00.000Z,standard,754,294,38.9920424403183
2026-02-13T00:00:00.000Z,thinking,3,2,66.66666666666667
2026-02-14T00:00:00.000Z,exacto,12,9,75.0
2026-02-14T00:00:00.000Z,extended,1,0,0.0
2026-02-14T00:00:00.000Z,free,28,0,0.0
2026-02-14T00:00:00.000Z,standard,762,294,38.58267716535433
2026-02-14T00:00:00.000Z,thinking,3,2,66.66666666666667
2026-02-15T00:00:00.000Z,exacto,12,9,75.0
2026-02-15T00:00:00.000Z,extended,1,0,0.0
2026-02-15T00:00:00.000Z,free,28,0,0.0
2026-02-15T00:00:00.000Z,standard,765,296,38.69281045751634
2026-02-15T00:00:00.000Z,thinking,3,2,66.66666666666667
2026-02-16T00:00:00.000Z,exacto,12,9,75.0
2026-02-16T00:00:00.000Z,extended,1,0,0.0
2026-02-16T00:00:00.000Z,free,29,0,0.0
2026-02-16T00:00:00.000Z,standard,768,298,38.802083333333336
2026-02-16T00:00:00.000Z,thinking,3,2,66.66666666666667
2026-02-17T00:00:00.000Z,exacto,12,9,75.0
2026-02-17T00:00:00.000Z,extended,1,0,0.0
2026-02-17T00:00:00.000Z,free,29,0,0.0
2026-02-17T00:00:00.000Z,standard,765,295,38.56209150326797
2026-02-17T00:00:00.000Z,thinking,3,2,66.66666666666667
2026-02-18T00:00:00.000Z,exacto,12,9,75.0
2026-02-18T00:00:00.000Z,extended,1,0,0.0
2026-02-18T00:00:00.000Z,free,29,0,0.0
2026-02-18T00:00:00.000Z,standard,770,299,38.83116883116883
2026-02-18T00:00:00.000Z,thinking,3,2,66.66666666666667
2026-02-19T00:00:00.000Z,exacto,12,9,75.0
2026-02-19T00:00:00.000Z,extended,1,0,0.0
2026-02-19T00:00:00.000Z,free,29,0,0.0
2026-02-19T00:00:00.000Z,standard,739,272,36.8064952638701
2026-02-19T00:00:00.000Z,thinking,3,2,66.66666666666667
2026-02-20T00:00:00.000Z,exacto,12,9,75.0
2026-02-20T00:00:00.000Z,extended,1,0,0.0
2026-02-20T00:00:00.000Z,free,29,0,0.0
2026-02-20T00:00:00.000Z,standard,740,274,37.027027027027025
2026-02-20T00:00:00.000Z,thinking,3,2,66.66666666666667
2026-02-21T00:00:00.000Z,exacto,12,9,75.0
2026-02-21T00:00:00.000Z,extended,1,0,0.0
2026-02-21T00:00:00.000Z,free,29,0,0.0
2026-02-21T00:00:00.000Z,standard,737,271,36.770691994572594
2026-02-21T00:00:00.000Z,thinking,2,1,50.0
2026-02-22T00:00:00.000Z,exacto,12,9,75.0
2026-02-22T00:00:00.000Z,extended,1,0,0.0
2026-02-22T00:00:00.000Z,free,29,0,0.0
2026-02-22T00:00:00.000Z,standard,736,271,36.82065217391305
2026-02-22T00:00:00.000Z,thinking,2,1,50.0
2026-02-23T00:00:00.000Z,exacto,12,9,75.0
2026-02-23T00:00:00.000Z,extended,1,0,0.0
2026-02-23T00:00:00.000Z,free,29,0,0.0
2026-02-23T00:00:00.000Z,standard,736,271,36.82065217391305
2026-02-23T00:00:00.000Z,thinking,2,1,50.0
2026-02-24T00:00:00.000Z,exacto,12,9,75.0
2026-02-24T00:00:00.000Z,extended,1,0,0.0
2026-02-24T00:00:00.000Z,free,29,0,0.0
2026-02-24T00:00:00.000Z,standard,737,276,37.44911804613297
2026-02-24T00:00:00.000Z,thinking,2,1,50.0
2026-02-25T00:00:00.000Z,exacto,12,9,75.0
2026-02-25T00:00:00.000Z,extended,1,0,0.0
2026-02-25T00:00:00.000Z,free,28,0,0.0
2026-02-25T00:00:00.000Z,standard,744,280,37.634408602150536
2026-02-25T00:00:00.000Z,thinking,2,1,50.0
2026-02-26T00:00:00.000Z,exacto,12,9,75.0
2026-02-26T00:00:00.000Z,extended,1,0,0.0
2026-02-26T00:00:00.000Z,free,28,0,0.0
2026-02-26T00:00:00.000Z,standard,751,282,37.54993342210386
2026-02-26T00:00:00.000Z,thinking,2,1,50.0
2026-02-27T00:00:00.000Z,exacto,12,9,75.0
2026-02-27T00:00:00.000Z,extended,1,0,0.0
2026-02-27T00:00:00.000Z,free,28,0,0.0
2026-02-27T00:00:00.000Z,standard,748,283,37.83422459893048
2026-02-27T00:00:00.000Z,thinking,2,1,50.0
2026-02-28T00:00:00.000Z,exacto,12,9,75.0
2026-02-28T00:00:00.000Z,extended,1,0,0.0
2026-02-28T00:00:00.000Z,free,28,0,0.0
2026-02-28T00:00:00.000Z,standard,748,284,37.967914438502675
2026-02-28T00:00:00.000Z,thinking,2,1,50.0
2026-03-01T00:00:00.000Z,exacto,12,9,75.0
2026-03-01T00:00:00.000Z,extended,1,0,0.0
2026-03-01T00:00:00.000Z,free,28,0,0.0
2026-03-01T00:00:00.000Z,standard,748,284,37.967914438502675
2026-03-01T00:00:00.000Z,thinking,2,1,50.0
2026-03-02T00:00:00.000Z,exacto,12,9,75.0
2026-03-02T00:00:00.000Z,extended,1,0,0.0
2026-03-02T00:00:00.000Z,free,28,0,0.0
2026-03-02T00:00:00.000Z,standard,746,283,37.93565683646113
2026-03-02T00:00:00.000Z,thinking,2,1,50.0
2026-03-03T00:00:00.000Z,exacto,12,9,75.0
2026-03-03T00:00:00.000Z,extended,1,0,0.0
2026-03-03T00:00:00.000Z,free,28,0,0.0
2026-03-03T00:00:00.000Z,standard,752,296,39.361702127659576
2026-03-03T00:00:00.000Z,thinking,2,1,50.0
2026-03-04T00:00:00.000Z,exacto,12,9,75.0
2026-03-04T00:00:00.000Z,extended,1,0,0.0
2026-03-04T00:00:00.000Z,free,27,0,0.0
2026-03-04T00:00:00.000Z,standard,758,305,40.23746701846966
2026-03-04T00:00:00.000Z,thinking,2,1,50.0
2026-03-05T00:00:00.000Z,exacto,12,9,75.0
2026-03-05T00:00:00.000Z,extended,1,0,0.0
2026-03-05T00:00:00.000Z,free,27,0,0.0
2026-03-05T00:00:00.000Z,standard,758,305,40.23746701846966
2026-03-05T00:00:00.000Z,thinking,2,1,50.0
2026-03-06T00:00:00.000Z,exacto,12,9,75.0
2026-03-06T00:00:00.000Z,extended,1,0,0.0
2026-03-06T00:00:00.000Z,free,27,0,0.0
2026-03-06T00:00:00.000Z,standard,756,305,40.34391534391534
2026-03-06T00:00:00.000Z,thinking,2,1,50.0
2026-03-07T00:00:00.000Z,exacto,12,9,75.0
2026-03-07T00:00:00.000Z,extended,1,0,0.0
2026-03-07T00:00:00.000Z,free,27,0,0.0
2026-03-07T00:00:00.000Z,standard,742,306,41.23989218328841
2026-03-07T00:00:00.000Z,thinking,2,1,50.0
2026-03-08T00:00:00.000Z,exacto,12,9,75.0
2026-03-08T00:00:00.000Z,extended,1,0,0.0
2026-03-08T00:00:00.000Z,free,27,0,0.0
2026-03-08T00:00:00.000Z,standard,746,306,41.01876675603217
2026-03-08T00:00:00.000Z,thinking,2,1,50.0
2026-03-09T00:00:00.000Z,exacto,12,9,75.0
2026-03-09T00:00:00.000Z,extended,1,0,0.0
2026-03-09T00:00:00.000Z,free,27,0,0.0
2026-03-09T00:00:00.000Z,standard,746,306,41.01876675603217
2026-03-09T00:00:00.000Z,thinking,2,1,50.0
2026-03-10T00:00:00.000Z,exacto,12,9,75.0
2026-03-10T00:00:00.000Z,extended,1,0,0.0
2026-03-10T00:00:00.000Z,free,27,0,0.0
2026-03-10T00:00:00.000Z,standard,746,306,41.01876675603217
2026-03-10T00:00:00.000Z,thinking,2,1,50.0
2026-03-11T00:00:00.000Z,extended,1,0,0.0
2026-03-11T00:00:00.000Z,free,27,0,0.0
2026-03-11T00:00:00.000Z,standard,737,306,41.51967435549525
2026-03-11T00:00:00.000Z,thinking,2,1,50.0
2026-03-12T00:00:00.000Z,extended,1,0,0.0
2026-03-12T00:00:00.000Z,free,28,0,0.0
2026-03-12T00:00:00.000Z,standard,736,303,41.16847826086956
2026-03-12T00:00:00.000Z,thinking,2,1,50.0
2026-03-13T00:00:00.000Z,extended,1,0,0.0
2026-03-13T00:00:00.000Z,free,28,0,0.0
2026-03-13T00:00:00.000Z,standard,738,306,41.46341463414634
2026-03-13T00:00:00.000Z,thinking,2,1,50.0
2026-03-14T00:00:00.000Z,extended,1,0,0.0
2026-03-14T00:00:00.000Z,free,28,0,0.0
2026-03-14T00:00:00.000Z,standard,738,304,41.19241192411924
2026-03-14T00:00:00.000Z,thinking,2,1,50.0
2026-03-15T00:00:00.000Z,extended,1,0,0.0
2026-03-15T00:00:00.000Z,free,28,0,0.0
2026-03-15T00:00:00.000Z,standard,738,304,41.19241192411924
2026-03-15T00:00:00.000Z,thinking,2,1,50.0
2026-03-16T00:00:00.000Z,extended,1,0,0.0
2026-03-16T00:00:00.000Z,free,29,0,0.0
2026-03-16T00:00:00.000Z,standard,739,305,41.27198917456022
2026-03-16T00:00:00.000Z,thinking,2,1,50.0
2026-03-17T00:00:00.000Z,extended,1,0,0.0
2026-03-17T00:00:00.000Z,free,29,0,0.0
2026-03-17T00:00:00.000Z,standard,737,306,41.51967435549525
2026-03-17T00:00:00.000Z,thinking,2,1,50.0
2026-03-18T00:00:00.000Z,extended,1,0,0.0
2026-03-18T00:00:00.000Z,free,29,0,0.0
2026-03-18T00:00:00.000Z,standard,739,331,44.79025710419486
2026-03-18T00:00:00.000Z,thinking,2,1,50.0
2026-03-19T00:00:00.000Z,extended,1,0,0.0
2026-03-19T00:00:00.000Z,free,27,0,0.0
2026-03-19T00:00:00.000Z,standard,738,328,44.44444444444444
2026-03-19T00:00:00.000Z,thinking,2,1,50.0
2026-03-20T00:00:00.000Z,extended,1,0,0.0
2026-03-20T00:00:00.000Z,free,27,0,0.0
2026-03-20T00:00:00.000Z,standard,741,336,45.34412955465587
2026-03-20T00:00:00.000Z,thinking,2,1,50.0
2026-03-21T00:00:00.000Z,extended,1,0,0.0
2026-03-21T00:00:00.000Z,free,27,0,0.0
2026-03-21T00:00:00.000Z,standard,744,338,45.43010752688172
2026-03-21T00:00:00.000Z,thinking,2,1,50.0
2026-03-22T00:00:00.000Z,extended,1,0,0.0
2026-03-22T00:00:00.000Z,free,27,0,0.0
2026-03-22T00:00:00.000Z,standard,754,342,45.358090185676396
2026-03-22T00:00:00.000Z,thinking,2,1,50.0
2026-03-23T00:00:00.000Z,extended,1,0,0.0
2026-03-23T00:00:00.000Z,free,27,0,0.0
2026-03-23T00:00:00.000Z,standard,754,342,45.358090185676396
2026-03-23T00:00:00.000Z,thinking,2,1,50.0
2026-03-24T00:00:00.000Z,extended,1,0,0.0
2026-03-24T00:00:00.000Z,free,27,0,0.0
2026-03-24T00:00:00.000Z,standard,755,344,45.562913907284766
2026-03-24T00:00:00.000Z,thinking,2,1,50.0
2026-03-25T00:00:00.000Z,extended,1,0,0.0
2026-03-25T00:00:00.000Z,free,27,0,0.0
2026-03-25T00:00:00.000Z,standard,745,345,46.308724832214764
2026-03-25T00:00:00.000Z,thinking,2,1,50.0
2026-03-26T00:00:00.000Z,extended,1,0,0.0
2026-03-26T00:00:00.000Z,free,27,0,0.0
2026-03-26T00:00:00.000Z,standard,744,347,46.63978494623656
2026-03-26T00:00:00.000Z,thinking,2,1,50.0
2026-03-27T00:00:00.000Z,extended,1,0,0.0
2026-03-27T00:00:00.000Z,free,27,0,0.0
2026-03-27T00:00:00.000Z,standard,742,345,46.495956873315365
2026-03-27T00:00:00.000Z,thinking,2,1,50.0
2026-03-28T00:00:00.000Z,extended,1,0,0.0
2026-03-28T00:00:00.000Z,free,27,0,0.0
2026-03-28T00:00:00.000Z,standard,743,346,46.56796769851952
2026-03-28T00:00:00.000Z,thinking,2,1,50.0
2026-03-29T00:00:00.000Z,extended,1,0,0.0
2026-03-29T00:00:00.000Z,free,27,0,0.0
2026-03-29T00:00:00.000Z,standard,745,348,46.711409395973156
2026-03-29T00:00:00.000Z,thinking,2,1,50.0
2026-03-30T00:00:00.000Z,extended,1,0,0.0
2026-03-30T00:00:00.000Z,free,25,0,0.0
2026-03-30T00:00:00.000Z,standard,743,346,46.56796769851952
2026-03-30T00:00:00.000Z,thinking,2,1,50.0
2026-03-31T00:00:00.000Z,extended,1,0,0.0
2026-03-31T00:00:00.000Z,free,26,0,0.0
2026-03-31T00:00:00.000Z,standard,743,346,46.56796769851952
2026-03-31T00:00:00.000Z,thinking,2,1,50.0
2026-04-01T00:00:00.000Z,extended,1,0,0.0
2026-04-01T00:00:00.000Z,free,25,0,0.0
2026-04-01T00:00:00.000Z,standard,741,343,46.288798920377864
2026-04-01T00:00:00.000Z,thinking,2,1,50.0
2026-04-02T00:00:00.000Z,extended,1,0,0.0
2026-04-02T00:00:00.000Z,free,25,0,0.0
2026-04-02T00:00:00.000Z,standard,744,352,47.31182795698925
2026-04-02T00:00:00.000Z,thinking,2,1,50.0
2026-04-03T00:00:00.000Z,extended,1,0,0.0
2026-04-03T00:00:00.000Z,free,26,0,0.0
2026-04-03T00:00:00.000Z,standard,745,352,47.24832214765101
2026-04-03T00:00:00.000Z,thinking,2,1,50.0
2026-04-04T00:00:00.000Z,extended,1,0,0.0
2026-04-04T00:00:00.000Z,free,25,0,0.0
2026-04-04T00:00:00.000Z,standard,751,355,47.270306258322236
2026-04-04T00:00:00.000Z,thinking,2,1,50.0
2026-04-05T00:00:00.000Z,extended,1,0,0.0
2026-04-05T00:00:00.000Z,free,25,0,0.0
2026-04-05T00:00:00.000Z,standard,750,355,47.333333333333336
2026-04-05T00:00:00.000Z,thinking,2,1,50.0
2026-04-06T00:00:00.000Z,extended,1,0,0.0
2026-04-06T00:00:00.000Z,free,25,0,0.0
2026-04-06T00:00:00.000Z,standard,750,355,47.333333333333336
2026-04-06T00:00:00.000Z,thinking,2,1,50.0
2026-04-07T00:00:00.000Z,extended,1,0,0.0
2026-04-07T00:00:00.000Z,free,25,0,0.0
2026-04-07T00:00:00.000Z,standard,745,354,47.51677852348993
2026-04-07T00:00:00.000Z,thinking,2,1,50.0
2026-04-08T00:00:00.000Z,extended,1,0,0.0
2026-04-08T00:00:00.000Z,free,27,0,0.0
2026-04-08T00:00:00.000Z,standard,756,364,48.148148148148145
2026-04-08T00:00:00.000Z,thinking,2,1,50.0
2026-04-09T00:00:00.000Z,extended,1,0,0.0
2026-04-09T00:00:00.000Z,free,26,0,0.0
2026-04-09T00:00:00.000Z,standard,758,362,47.75725593667546
2026-04-09T00:00:00.000Z,thinking,2,1,50.0
2026-04-10T00:00:00.000Z,extended,1,0,0.0
2026-04-10T00:00:00.000Z,free,25,0,0.0
2026-04-10T00:00:00.000Z,standard,755,360,47.682119205298015
2026-04-10T00:00:00.000Z,thinking,2,1,50.0
2026-04-11T00:00:00.000Z,extended,1,0,0.0
2026-04-11T00:00:00.000Z,free,24,0,0.0
2026-04-11T00:00:00.000Z,standard,755,360,47.682119205298015
2026-04-11T00:00:00.000Z,thinking,2,1,50.0
2026-04-12T00:00:00.000Z,extended,1,0,0.0
2026-04-12T00:00:00.000Z,free,24,0,0.0
2026-04-12T00:00:00.000Z,standard,748,359,47.99465240641711
2026-04-12T00:00:00.000Z,thinking,2,1,50.0
2026-04-13T00:00:00.000Z,extended,1,0,0.0
2026-04-13T00:00:00.000Z,free,24,0,0.0
2026-04-13T00:00:00.000Z,standard,743,355,47.7792732166891
2026-04-13T00:00:00.000Z,thinking,2,1,50.0
2026-04-14T00:00:00.000Z,extended,1,0,0.0
2026-04-14T00:00:00.000Z,free,24,0,0.0
2026-04-14T00:00:00.000Z,standard,748,384,51.336898395721924
2026-04-14T00:00:00.000Z,thinking,2,1,50.0
2026-04-15T00:00:00.000Z,extended,1,0,0.0
2026-04-15T00:00:00.000Z,free,24,0,0.0
2026-04-15T00:00:00.000Z,standard,734,386,52.58855585831063
2026-04-15T00:00:00.000Z,thinking,2,1,50.0
2026-04-16T00:00:00.000Z,extended,1,0,0.0
2026-04-16T00:00:00.000Z,free,25,0,0.0
2026-04-16T00:00:00.000Z,standard,730,384,52.602739726027394
2026-04-16T00:00:00.000Z,thinking,2,1,50.0
2026-04-17T00:00:00.000Z,extended,1,0,0.0
2026-04-17T00:00:00.000Z,free,25,0,0.0
2026-04-17T00:00:00.000Z,standard,741,390,52.63157894736842
2026-04-17T00:00:00.000Z,thinking,2,1,50.0
2026-04-18T00:00:00.000Z,extended,1,0,0.0
2026-04-18T00:00:00.000Z,free,24,0,0.0
2026-04-18T00:00:00.000Z,standard,745,391,52.48322147651007
2026-04-18T00:00:00.000Z,thinking,2,1,50.0
2026-04-19T00:00:00.000Z,free,24,0,0.0
2026-04-19T00:00:00.000Z,standard,738,386,52.303523035230356
2026-04-19T00:00:00.000Z,thinking,2,1,50.0
2026-04-20T00:00:00.000Z,free,24,0,0.0
2026-04-20T00:00:00.000Z,standard,738,387,52.4390243902439
2026-04-20T00:00:00.000Z,thinking,2,1,50.0
2026-04-21T00:00:00.000Z,free,24,0,0.0
2026-04-21T00:00:00.000Z,standard,741,390,52.63157894736842
2026-04-21T00:00:00.000Z,thinking,2,1,50.0
2026-04-22T00:00:00.000Z,free,25,0,0.0
2026-04-22T00:00:00.000Z,standard,748,396,52.94117647058823
2026-04-22T00:00:00.000Z,thinking,2,1,50.0
2026-04-23T00:00:00.000Z,free,25,0,0.0
2026-04-23T00:00:00.000Z,standard,755,396,52.450331125827816
2026-04-23T00:00:00.000Z,thinking,2,1,50.0
2026-04-24T00:00:00.000Z,free,26,0,0.0
2026-04-24T00:00:00.000Z,standard,760,400,52.63157894736842
2026-04-24T00:00:00.000Z,thinking,2,1,50.0
2026-04-25T00:00:00.000Z,free,26,0,0.0
2026-04-25T00:00:00.000Z,standard,764,405,53.010471204188484
2026-04-25T00:00:00.000Z,thinking,2,1,50.0
2026-04-26T00:00:00.000Z,free,26,0,0.0
2026-04-26T00:00:00.000Z,standard,768,409,53.255208333333336
2026-04-26T00:00:00.000Z,thinking,2,1,50.0
2026-04-27T00:00:00.000Z,free,26,0,0.0
2026-04-27T00:00:00.000Z,standard,769,410,53.31599479843953
2026-04-27T00:00:00.000Z,thinking,2,1,50.0
2026-04-28T00:00:00.000Z,free,26,0,0.0
2026-04-28T00:00:00.000Z,standard,781,413,52.8809218950064
2026-04-28T00:00:00.000Z,thinking,2,1,50.0
2026-04-29T00:00:00.000Z,free,29,0,0.0
2026-04-29T00:00:00.000Z,standard,809,432,53.399258343634116
2026-04-29T00:00:00.000Z,thinking,2,1,50.0
2026-04-30T00:00:00.000Z,free,28,0,0.0
2026-04-30T00:00:00.000Z,standard,812,436,53.69458128078818
2026-04-30T00:00:00.000Z,thinking,2,1,50.0
2026-05-01T00:00:00.000Z,free,28,0,0.0
2026-05-01T00:00:00.000Z,standard,815,437,53.61963190184049
2026-05-01T00:00:00.000Z,thinking,2,1,50.0
2026-05-02T00:00:00.000Z,free,28,0,0.0
2026-05-02T00:00:00.000Z,standard,812,437,53.81773399014779
2026-05-02T00:00:00.000Z,thinking,2,1,50.0
2026-05-03T00:00:00.000Z,free,28,0,0.0
2026-05-03T00:00:00.000Z,standard,813,437,53.751537515375155
2026-05-03T00:00:00.000Z,thinking,2,1,50.0
2026-05-04T00:00:00.000Z,free,28,0,0.0
2026-05-04T00:00:00.000Z,standard,813,437,53.751537515375155
2026-05-04T00:00:00.000Z,thinking,2,1,50.0
2026-05-05T00:00:00.000Z,free,28,0,0.0
2026-05-05T00:00:00.000Z,standard,815,438,53.74233128834356
2026-05-05T00:00:00.000Z,thinking,2,1,50.0
2026-05-06T00:00:00.000Z,free,23,0,0.0
2026-05-06T00:00:00.000Z,standard,816,439,53.799019607843135
2026-05-06T00:00:00.000Z,thinking,2,1,50.0
2026-05-07T00:00:00.000Z,free,24,0,0.0
2026-05-07T00:00:00.000Z,standard,824,442,53.640776699029125
2026-05-07T00:00:00.000Z,thinking,2,1,50.0
2026-05-08T00:00:00.000Z,free,23,0,0.0
2026-05-08T00:00:00.000Z,standard,826,445,53.87409200968523
2026-05-08T00:00:00.000Z,thinking,2,1,50.0
2026-05-09T00:00:00.000Z,free,23,0,0.0
2026-05-09T00:00:00.000Z,standard,819,441,53.84615384615385
2026-05-09T00:00:00.000Z,thinking,2,1,50.0
2026-05-10T00:00:00.000Z,free,23,0,0.0
2026-05-10T00:00:00.000Z,standard,821,443,53.958587088915955
2026-05-10T00:00:00.000Z,thinking,2,1,50.0
2026-05-11T00:00:00.000Z,free,23,0,0.0
2026-05-11T00:00:00.000Z,standard,820,443,54.02439024390244
2026-05-11T00:00:00.000Z,thinking,2,1,50.0
2026-05-12T00:00:00.000Z,free,24,0,0.0
2026-05-12T00:00:00.000Z,standard,820,444,54.146341463414636
2026-05-12T00:00:00.000Z,thinking,1,0,0.0
2026-05-13T00:00:00.000Z,free,24,0,0.0
2026-05-13T00:00:00.000Z,standard,822,444,54.01459854014598
2026-05-13T00:00:00.000Z,thinking,1,0,0.0
2026-05-14T00:00:00.000Z,free,25,0,0.0
2026-05-14T00:00:00.000Z,standard,821,443,53.958587088915955
2026-05-14T00:00:00.000Z,thinking,1,0,0.0
2026-05-15T00:00:00.000Z,free,25,0,0.0
2026-05-15T00:00:00.000Z,standard,814,446,54.79115479115479
2026-05-15T00:00:00.000Z,thinking,1,0,0.0
2026-05-16T00:00:00.000Z,free,24,0,0.0
2026-05-16T00:00:00.000Z,standard,802,435,54.239401496259354
2026-05-16T00:00:00.000Z,thinking,1,0,0.0
2026-05-17T00:00:00.000Z,free,24,0,0.0
2026-05-17T00:00:00.000Z,standard,796,436,54.77386934673367
2026-05-17T00:00:00.000Z,thinking,1,0,0.0
2026-05-18T00:00:00.000Z,free,24,0,0.0
2026-05-18T00:00:00.000Z,standard,800,435,54.375
2026-05-18T00:00:00.000Z,thinking,1,0,0.0
2026-05-19T00:00:00.000Z,free,24,0,0.0
2026-05-19T00:00:00.000Z,standard,804,437,54.353233830845774
2026-05-19T00:00:00.000Z,thinking,1,0,0.0
2026-05-20T00:00:00.000Z,free,24,0,0.0
2026-05-20T00:00:00.000Z,standard,810,440,54.32098765432099
2026-05-20T00:00:00.000Z,thinking,1,0,0.0
2026-05-21T00:00:00.000Z,free,24,0,0.0
2026-05-21T00:00:00.000Z,standard,810,440,54.32098765432099
2026-05-21T00:00:00.000Z,thinking,1,0,0.0
2026-05-22T00:00:00.000Z,free,24,0,0.0
2026-05-22T00:00:00.000Z,standard,817,446,54.58996328029376
2026-05-22T00:00:00.000Z,thinking,1,0,0.0
2026-05-23T00:00:00.000Z,free,24,0,0.0
2026-05-23T00:00:00.000Z,standard,826,446,53.99515738498789
2026-05-23T00:00:00.000Z,thinking,1,0,0.0
2026-05-24T00:00:00.000Z,free,24,0,0.0
2026-05-24T00:00:00.000Z,standard,826,446,53.99515738498789
2026-05-24T00:00:00.000Z,thinking,1,0,0.0
2026-05-25T00:00:00.000Z,free,24,0,0.0
2026-05-25T00:00:00.000Z,standard,824,444,53.883495145631066
2026-05-25T00:00:00.000Z,thinking,1,0,0.0
2026-05-26T00:00:00.000Z,free,24,0,0.0
2026-05-26T00:00:00.000Z,standard,830,445,53.6144578313253
2026-05-26T00:00:00.000Z,thinking,1,0,0.0
2026-05-27T00:00:00.000Z,free,23,0,0.0
2026-05-27T00:00:00.000Z,standard,829,445,53.67913148371532
2026-05-27T00:00:00.000Z,thinking,1,0,0.0
2026-05-28T00:00:00.000Z,free,24,0,0.0
2026-05-28T00:00:00.000Z,standard,829,444,53.55850422195416
2026-05-28T00:00:00.000Z,thinking,1,0,0.0
2026-05-29T00:00:00.000Z,free,24,0,0.0
2026-05-29T00:00:00.000Z,standard,836,453,54.186602870813395
2026-05-29T00:00:00.000Z,thinking,1,0,0.0
2026-05-30T00:00:00.000Z,free,25,0,0.0
2026-05-30T00:00:00.000Z,standard,838,453,54.05727923627685
2026-05-30T00:00:00.000Z,thinking,1,0,0.0
2026-05-31T00:00:00.000Z,free,25,0,0.0
2026-05-31T00:00:00.000Z,standard,836,453,54.186602870813395
2026-05-31T00:00:00.000Z,thinking,1,0,0.0
2026-06-01T00:00:00.000Z,free,22,0,0.0
2026-06-01T00:00:00.000Z,standard,822,444,54.01459854014598
2026-06-01T00:00:00.000Z,thinking,1,0,0.0
2026-06-02T00:00:00.000Z,free,22,0,0.0
2026-06-02T00:00:00.000Z,standard,822,444,54.01459854014598
2026-06-02T00:00:00.000Z,thinking,1,0,0.0
2026-06-03T00:00:00.000Z,free,22,0,0.0
2026-06-03T00:00:00.000Z,standard,822,446,54.257907542579076
2026-06-03T00:00:00.000Z,thinking,1,0,0.0
2026-06-04T00:00:00.000Z,free,22,0,0.0
2026-06-04T00:00:00.000Z,standard,822,447,54.37956204379562
2026-06-04T00:00:00.000Z,thinking,1,0,0.0
2026-06-05T00:00:00.000Z,free,24,0,0.0
2026-06-05T00:00:00.000Z,standard,822,448,54.50121654501216
2026-06-05T00:00:00.000Z,thinking,1,0,0.0
2026-06-06T00:00:00.000Z,free,24,0,0.0
2026-06-06T00:00:00.000Z,standard,816,447,54.779411764705884
2026-06-06T00:00:00.000Z,thinking,1,0,0.0
2026-06-07T00:00:00.000Z,free,24,0,0.0
2026-06-07T00:00:00.000Z,standard,813,448,55.104551045510455
2026-06-07T00:00:00.000Z,thinking,1,0,0.0
2026-06-08T00:00:00.000Z,free,24,0,0.0
2026-06-08T00:00:00.000Z,standard,813,448,55.104551045510455
2026-06-08T00:00:00.000Z,thinking,1,0,0.0
2026-06-09T00:00:00.000Z,free,27,0,0.0
2026-06-09T00:00:00.000Z,standard,811,447,55.11713933415536
2026-06-09T00:00:00.000Z,thinking,1,0,0.0
2026-06-10T00:00:00.000Z,free,25,0,0.0
2026-06-10T00:00:00.000Z,standard,813,447,54.981549815498155
2026-06-10T00:00:00.000Z,thinking,1,0,0.0
2026-06-11T00:00:00.000Z,free,24,0,0.0
2026-06-11T00:00:00.000Z,standard,818,453,55.37897310513448
2026-06-11T00:00:00.000Z,thinking,1,0,0.0
2026-06-12T00:00:00.000Z,free,24,0,0.0
2026-06-12T00:00:00.000Z,standard,817,458,56.05875152998776
2026-06-12T00:00:00.000Z,thinking,1,0,0.0
2026-06-13T00:00:00.000Z,free,24,0,0.0
2026-06-13T00:00:00.000Z,standard,822,471,57.2992700729927
2026-06-13T00:00:00.000Z,thinking,1,0,0.0
2026-06-14T00:00:00.000Z,free,24,0,0.0
2026-06-14T00:00:00.000Z,standard,834,482,57.79376498800959
2026-06-14T00:00:00.000Z,thinking,1,0,0.0
2026-06-15T00:00:00.000Z,free,24,0,0.0
2026-06-15T00:00:00.000Z,standard,834,482,57.79376498800959
2026-06-15T00:00:00.000Z,thinking,1,0,0.0
2026-06-16T00:00:00.000Z,free,26,0,0.0
2026-06-16T00:00:00.000Z,standard,823,471,57.22964763061968
2026-06-16T00:00:00.000Z,thinking,1,0,0.0
2026-06-17T00:00:00.000Z,free,26,0,0.0
2026-06-17T00:00:00.000Z,standard,834,481,57.673860911270985
2026-06-17T00:00:00.000Z,thinking,1,0,0.0
2026-06-18T00:00:00.000Z,free,27,0,0.0
2026-06-18T00:00:00.000Z,standard,836,485,58.014354066985646
2026-06-18T00:00:00.000Z,thinking,1,0,0.0
2026-06-19T00:00:00.000Z,free,27,0,0.0
2026-06-19T00:00:00.000Z,standard,847,495,58.44155844155844
2026-06-19T00:00:00.000Z,thinking,1,0,0.0
2026-06-20T00:00:00.000Z,free,27,0,0.0
2026-06-20T00:00:00.000Z,standard,847,495,58.44155844155844
2026-06-20T00:00:00.000Z,thinking,1,0,0.0
2026-06-21T00:00:00.000Z,free,27,0,0.0
2026-06-21T00:00:00.000Z,standard,847,495,58.44155844155844
2026-06-21T00:00:00.000Z,thinking,1,0,0.0
2026-06-22T00:00:00.000Z,free,27,0,0.0
2026-06-22T00:00:00.000Z,standard,849,497,58.53945818610129
2026-06-22T00:00:00.000Z,thinking,1,0,0.0
2026-06-23T00:00:00.000Z,free,25,0,0.0
2026-06-23T00:00:00.000Z,standard,854,501,58.66510538641686
2026-06-23T00:00:00.000Z,thinking,1,0,0.0
2026-06-24T00:00:00.000Z,free,25,0,0.0
2026-06-24T00:00:00.000Z,standard,853,503,58.968347010551
2026-06-24T00:00:00.000Z,thinking,1,0,0.0
2026-06-25T00:00:00.000Z,free,25,0,0.0
2026-06-25T00:00:00.000Z,standard,856,507,59.228971962616825
2026-06-25T00:00:00.000Z,thinking,1,0,0.0
2026-06-26T00:00:00.000Z,free,25,0,0.0
2026-06-26T00:00:00.000Z,standard,860,513,59.651162790697676
2026-06-26T00:00:00.000Z,thinking,1,0,0.0
2026-06-27T00:00:00.000Z,free,25,0,0.0
2026-06-27T00:00:00.000Z,standard,863,516,59.79142526071843
2026-06-27T00:00:00.000Z,thinking,1,0,0.0
2026-06-28T00:00:00.000Z,free,25,0,0.0
2026-06-28T00:00:00.000Z,standard,862,516,59.86078886310905
2026-06-28T00:00:00.000Z,thinking,1,0,0.0
2026-06-29T00:00:00.000Z,free,25,0,0.0
2026-06-29T00:00:00.000Z,standard,865,517,59.76878612716763
2026-06-29T00:00:00.000Z,thinking,1,0,0.0
2026-06-30T00:00:00.000Z,free,25,0,0.0
2026-06-30T00:00:00.000Z,standard,863,514,59.559675550405565
2026-06-30T00:00:00.000Z,thinking,1,0,0.0
2026-07-01T00:00:00.000Z,free,25,0,0.0
2026-07-01T00:00:00.000Z,standard,867,518,59.746251441753174
2026-07-01T00:00:00.000Z,thinking,1,0,0.0
2026-07-02T00:00:00.000Z,free,25,0,0.0
2026-07-02T00:00:00.000Z,standard,849,501,59.01060070671378
2026-07-02T00:00:00.000Z,thinking,1,0,0.0
2026-07-03T00:00:00.000Z,free,26,0,0.0
2026-07-03T00:00:00.000Z,standard,846,503,59.456264775413715
2026-07-03T00:00:00.000Z,thinking,1,0,0.0
2026-07-04T00:00:00.000Z,free,26,0,0.0
2026-07-04T00:00:00.000Z,standard,844,502,59.47867298578199
2026-07-04T00:00:00.000Z,thinking,1,0,0.0
2026-07-05T00:00:00.000Z,free,26,0,0.0
2026-07-05T00:00:00.000Z,standard,845,503,59.52662721893491
2026-07-05T00:00:00.000Z,thinking,1,0,0.0
2026-07-06T00:00:00.000Z,free,26,0,0.0
2026-07-06T00:00:00.000Z,standard,845,503,59.52662721893491
2026-07-06T00:00:00.000Z,thinking,1,0,0.0
2026-07-07T00:00:00.000Z,free,27,0,0.0
2026-07-07T00:00:00.000Z,standard,864,528,61.111111111111114
2026-07-07T00:00:00.000Z,thinking,1,0,0.0
2026-07-08T00:00:00.000Z,free,27,0,0.0
2026-07-08T00:00:00.000Z,standard,873,538,61.626575028636886
2026-07-08T00:00:00.000Z,thinking,1,0,0.0
2026-07-09T00:00:00.000Z,free,27,0,0.0
2026-07-09T00:00:00.000Z,standard,875,540,61.714285714285715
2026-07-09T00:00:00.000Z,thinking,1,0,0.0
2026-07-10T00:00:00.000Z,free,26,0,0.0
2026-07-10T00:00:00.000Z,standard,888,556,62.612612612612615
2026-07-10T00:00:00.000Z,thinking,1,0,0.0
2026-07-11T00:00:00.000Z,free,26,0,0.0
2026-07-11T00:00:00.000Z,standard,892,560,62.780269058295964
2026-07-11T00:00:00.000Z,thinking,1,0,0.0
2026-07-12T00:00:00.000Z,free,26,0,0.0
2026-07-12T00:00:00.000Z,standard,891,560,62.85072951739618
2026-07-12T00:00:00.000Z,thinking,1,0,0.0
2026-07-13T00:00:00.000Z,free,26,0,0.0
2026-07-13T00:00:00.000Z,standard,893,561,62.82194848824188
2026-07-13T00:00:00.000Z,thinking,1,0,0.0
2026-07-14T00:00:00.000Z,free,21,0,0.0
2026-07-14T00:00:00.000Z,standard,895,562,62.79329608938548
2026-07-14T00:00:00.000Z,thinking,1,0,0.0
2026-07-15T00:00:00.000Z,free,21,0,0.0
2026-07-15T00:00:00.000Z,standard,895,567,63.35195530726257
2026-07-15T00:00:00.000Z,thinking,1,0,0.0
2026-07-16T00:00:00.000Z,free,21,0,0.0
2026-07-16T00:00:00.000Z,standard,898,569,63.363028953229396
2026-07-16T00:00:00.000Z,thinking,1,0,0.0
2026-07-17T00:00:00.000Z,free,21,0,0.0
2026-07-17T00:00:00.000Z,standard,899,571,63.51501668520579
2026-07-17T00:00:00.000Z,thinking,1,0,0.0
2026-07-18T00:00:00.000Z,free,21,0,0.0
2026-07-18T00:00:00.000Z,standard,897,572,63.768115942028984
2026-07-18T00:00:00.000Z,thinking,1,0,0.0
2026-07-19T00:00:00.000Z,free,21,0,0.0
2026-07-19T00:00:00.000Z,standard,899,574,63.84872080088988
2026-07-19T00:00:00.000Z,thinking,1,0,0.0
2026-07-20T00:00:00.000Z,free,15,0,0.0
2026-07-20T00:00:00.000Z,standard,899,574,63.84872080088988
2026-07-20T00:00:00.000Z,thinking,1,0,0.0
2026-07-21T00:00:00.000Z,free,15,0,0.0
2026-07-21T00:00:00.000Z,standard,902,577,63.968957871396896
2026-07-21T00:00:00.000Z,thinking,1,0,0.0
2026-07-22T00:00:00.000Z,free,15,0,0.0
2026-07-22T00:00:00.000Z,standard,909,585,64.35643564356435
2026-07-22T00:00:00.000Z,thinking,1,0,0.0
2026-07-23T00:00:00.000Z,free,15,0,0.0
2026-07-23T00:00:00.000Z,standard,910,589,64.72527472527473
2026-07-23T00:00:00.000Z,thinking,1,0,0.0
2026-07-24T00:00:00.000Z,free,16,0,0.0
2026-07-24T00:00:00.000Z,standard,933,612,65.59485530546624
2026-07-24T00:00:00.000Z,thinking,1,0,0.0
2026-07-25T00:00:00.000Z,free,16,0,0.0
2026-07-25T00:00:00.000Z,standard,921,607,65.90662323561347
2026-07-25T00:00:00.000Z,thinking,1,0,0.0
2026-07-26T00:00:00.000Z,free,16,0,0.0
2026-07-26T00:00:00.000Z,standard,923,608,65.87215601300109
2026-07-26T00:00:00.000Z,thinking,1,0,0.0
2026-07-27T00:00:00.000Z,free,16,0,0.0
2026-07-27T00:00:00.000Z,standard,919,606,65.94124047878128
2026-07-27T00:00:00.000Z,thinking,1,0,0.0
2026-07-28T00:00:00.000Z,free,16,0,0.0
2026-07-28T00:00:00.000Z,standard,919,609,66.2676822633297
2026-07-28T00:00:00.000Z,thinking,1,0,0.0
2026-07-29T00:00:00.000Z,batch,28,26,92.85714285714286
2026-07-29T00:00:00.000Z,free,15,0,0.0
2026-07-29T00:00:00.000Z,standard,921,612,66.44951140065146
2026-07-29T00:00:00.000Z,thinking,1,0,0.0
2026-07-30T00:00:00.000Z,batch,28,26,92.85714285714286
2026-07-30T00:00:00.000Z,free,15,0,0.0
2026-07-30T00:00:00.000Z,standard,915,609,66.55737704918033
2026-07-30T00:00:00.000Z,thinking,1,0,0.0
2026-07-31T00:00:00.000Z,batch,28,26,92.85714285714286
2026-07-31T00:00:00.000Z,free,15,0,0.0
2026-07-31T00:00:00.000Z,standard,918,611,66.55773420479302
2026-07-31T00:00:00.000Z,thinking,1,0,0.0
2026-08-01T00:00:00.000Z,free,15,0,0.0
2026-08-01T00:00:00.000Z,standard,927,619,66.77454153182309
2026-08-01T00:00:00.000Z,thinking,1,0,0.0
2026-08-02T00:00:00.000Z,free,15,0,0.0
2026-08-02T00:00:00.000Z,standard,932,623,66.84549356223177
2026-08-02T00:00:00.000Z,thinking,1,0,0.0
2026-08-03T00:00:00.000Z,free,15,0,0.0
2026-08-03T00:00:00.000Z,standard,935,626,66.95187165775401
2026-08-03T00:00:00.000Z,thinking,1,0,0.0
2026-08-04T00:00:00.000Z,free,15,0,0.0
2026-08-04T00:00:00.000Z,standard,937,628,67.02241195304163
2026-08-04T00:00:00.000Z,thinking,1,0,0.0
2026-08-05T00:00:00.000Z,free,15,0,0.0
2026-08-05T00:00:00.000Z,standard,934,626,67.0235546038544
2026-08-05T00:00:00.000Z,thinking,1,0,0.0
2026-08-06T00:00:00.000Z,free,15,0,0.0
2026-08-06T00:00:00.000Z,standard,943,634,67.2322375397667
2026-08-06T00:00:00.000Z,thinking,1,0,0.0
2026-08-07T00:00:00.000Z,batch,60,50,83.33333333333333
2026-08-07T00:00:00.000Z,free,15,0,0.0
2026-08-07T00:00:00.000Z,standard,941,635,67.48140276301807
2026-08-07T00:00:00.000Z,thinking,1,0,0.0
2026-08-08T00:00:00.000Z,batch,60,50,83.33333333333333
2026-08-08T00:00:00.000Z,free,15,0,0.0
2026-08-08T00:00:00.000Z,standard,942,635,67.40976645435244
2026-08-08T00:00:00.000Z,thinking,1,0,0.0
2026-08-09T00:00:00.000Z,batch,60,50,83.33333333333333
2026-08-09T00:00:00.000Z,free,15,0,0.0
2026-08-09T00:00:00.000Z,standard,947,640,67.5818373812038
2026-08-09T00:00:00.000Z,thinking,1,0,0.0
2026-08-10T00:00:00.000Z,batch,60,50,83.33333333333333
2026-08-10T00:00:00.000Z,free,15,0,0.0
2026-08-10T00:00:00.000Z,standard,947,640,67.5818373812038
2026-08-10T00:00:00.000Z,thinking,1,0,0.0
2026-08-11T00:00:00.000Z,batch,60,50,83.33333333333333
2026-08-11T00:00:00.000Z,free,15,0,0.0
2026-08-11T00:00:00.000Z,standard,945,639,67.61904761904762
2026-08-11T00:00:00.000Z,thinking,1,0,0.0
2026-08-12T00:00:00.000Z,batch,60,50,83.33333333333333
2026-08-12T00:00:00.000Z,free,17,0,0.0
2026-08-12T00:00:00.000Z,standard,951,643,67.6130389064143
2026-08-12T00:00:00.000Z,thinking,1,0,0.0
2026-08-13T00:00:00.000Z,batch,60,50,83.33333333333333
2026-08-13T00:00:00.000Z,free,17,0,0.0
2026-08-13T00:00:00.000Z,standard,959,649,67.67466110531804
2026-08-13T00:00:00.000Z,thinking,1,0,0.0
2026-08-14T00:00:00.000Z,batch,61,51,83.60655737704919
2026-08-14T00:00:00.000Z,free,16,0,0.0
2026-08-14T00:00:00.000Z,standard,975,666,68.3076923076923
2026-08-14T00:00:00.000Z,thinking,1,0,0.0
2026-08-15T00:00:00.000Z,batch,61,51,83.60655737704919
2026-08-15T00:00:00.000Z,free,16,0,0.0
2026-08-15T00:00:00.000Z,standard,989,679,68.65520728008089
2026-08-15T00:00:00.000Z,thinking,1,0,0.0
2026-08-16T00:00:00.000Z,batch,61,51,83.60655737704919
2026-08-16T00:00:00.000Z,free,17,0,0.0
2026-08-16T00:00:00.000Z,standard,990,681,68.78787878787878
2026-08-16T00:00:00.000Z,thinking,1,0,0.0
2026-08-17T00:00:00.000Z,batch,61,51,83.60655737704919
2026-08-17T00:00:00.000Z,free,18,0,0.0
2026-08-17T00:00:00.000Z,standard,993,685,68.9828801611279
2026-08-17T00:00:00.000Z,thinking,1,0,0.0
2026-08-18T00:00:00.000Z,batch,61,51,83.60655737704919
2026-08-18T00:00:00.000Z,free,18,0,0.0
2026-08-18T00:00:00.000Z,standard,989,681,68.85743174924166
2026-08-18T00:00:00.000Z,thinking,1,0,0.0
2026-08-19T00:00:00.000Z,batch,61,51,83.60655737704919
2026-08-19T00:00:00.000Z,free,18,0,0.0
2026-08-19T00:00:00.000Z,standard,988,679,68.7246963562753
2026-08-19T00:00:00.000Z,thinking,1,0,0.0
2026-08-20T00:00:00.000Z,batch,61,51,83.60655737704919
2026-08-20T00:00:00.000Z,free,18,0,0.0
2026-08-20T00:00:00.000Z,standard,986,680,68.96551724137932
2026-08-20T00:00:00.000Z,thinking,1,0,0.0
2026-08-21T00:00:00.000Z,batch,61,51,83.60655737704919
2026-08-21T00:00:00.000Z,free,17,0,0.0
2026-08-21T00:00:00.000Z,standard,996,685,68.77510040160642
2026-08-21T00:00:00.000Z,thinking,1,0,0.0
2026-08-22T00:00:00.000Z,batch,61,51,83.60655737704919
2026-08-22T00:00:00.000Z,free,19,0,0.0
2026-08-22T00:00:00.000Z,standard,1000,689,68.9
2026-08-22T00:00:00.000Z,thinking,1,0,0.0
2026-08-23T00:00:00.000Z,batch,61,51,83.60655737704919
2026-08-23T00:00:00.000Z,free,18,0,0.0
2026-08-23T00:00:00.000Z,standard,1000,689,68.9
2026-08-23T00:00:00.000Z,thinking,1,0,0.0
2026-08-24T00:00:00.000Z,batch,61,51,83.60655737704919
2026-08-24T00:00:00.000Z,free,18,0,0.0
2026-08-24T00:00:00.000Z,standard,1004,692,68.92430278884463
2026-08-24T00:00:00.000Z,thinking,1,0,0.0
2026-08-25T00:00:00.000Z,batch,61,51,83.60655737704919
2026-08-25T00:00:00.000Z,free,15,0,0.0
2026-08-25T00:00:00.000Z,standard,1028,717,69.74708171206225
2026-08-25T00:00:00.000Z,thinking,1,0,0.0
2026-08-26T00:00:00.000Z,batch,61,51,83.60655737704919
2026-08-26T00:00:00.000Z,free,17,0,0.0
2026-08-26T00:00:00.000Z,standard,1042,730,70.05758157389636
2026-08-27T00:00:00.000Z,batch,60,50,83.33333333333333
2026-08-27T00:00:00.000Z,free,17,0,0.0
2026-08-27T00:00:00.000Z,standard,1055,743,70.42654028436019
2026-08-28T00:00:00.000Z,batch,59,49,83.05084745762711
2026-08-28T00:00:00.000Z,free,18,0,0.0
2026-08-28T00:00:00.000Z,standard,1064,754,70.86466165413533
2026-08-29T00:00:00.000Z,batch,41,34,82.92682926829268
2026-08-29T00:00:00.000Z,free,18,0,0.0
2026-08-29T00:00:00.000Z,standard,1076,772,71.74721189591078
2026-08-30T00:00:00.000Z,batch,41,34,82.92682926829268
2026-08-30T00:00:00.000Z,free,18,0,0.0
2026-08-30T00:00:00.000Z,standard,1084,780,71.95571955719558
2026-08-31T00:00:00.000Z,batch,41,34,82.92682926829268
2026-08-31T00:00:00.000Z,free,18,0,0.0
2026-08-31T00:00:00.000Z,standard,1089,783,71.90082644628099
2026-09-01T00:00:00.000Z,batch,70,57,81.42857142857143
2026-09-01T00:00:00.000Z,free,18,0,0.0
2026-09-01T00:00:00.000Z,standard,1139,835,73.3099209833187
2026-09-02T00:00:00.000Z,batch,65,52,80.0
2026-09-02T00:00:00.000Z,free,18,0,0.0
2026-09-02T00:00:00.000Z,standard,1158,854,73.74784110535406
2026-09-03T00:00:00.000Z,batch,67,54,80.59701492537313
2026-09-03T00:00:00.000Z,free,18,0,0.0
2026-09-03T00:00:00.000Z,standard,1165,861,73.90557939914163
2026-09-04T00:00:00.000Z,batch,66,53,80.3030303030303
2026-09-04T00:00:00.000Z,free,18,0,0.0
2026-09-04T00:00:00.000Z,standard,1166,864,74.09948542024014
2026-09-05T00:00:00.000Z,batch,69,56,81.15942028985508
2026-09-05T00:00:00.000Z,free,19,0,0.0
2026-09-05T00:00:00.000Z,standard,1175,871,74.12765957446808
2026-09-06T00:00:00.000Z,batch,69,56,81.15942028985508
2026-09-06T00:00:00.000Z,free,19,0,0.0
2026-09-06T00:00:00.000Z,standard,1175,870,74.04255319148936
2026-09-07T00:00:00.000Z,batch,69,56,81.15942028985508
2026-09-07T00:00:00.000Z,free,18,0,0.0
2026-09-07T00:00:00.000Z,standard,1175,870,74.04255319148936
2026-09-08T00:00:00.000Z,batch,69,56,81.15942028985508
2026-09-08T00:00:00.000Z,free,16,0,0.0
2026-09-08T00:00:00.000Z,standard,1177,871,74.00169923534409
2026-09-08T19:40:04.163Z,batch,76,63,82.89473684210526
2026-09-08T19:40:04.163Z,free,18,0,0.0
2026-09-08T19:40:04.163Z,standard,1173,867,73.91304347826087
